date,total_sales,day_of_week,month,day_of_month,week_of_year,lag_1,lag_7,rolling_mean_7,rolling_std_7,lag_14,rolling_mean_14,rolling_mean_30
2024-03-26,11.620000000000001,1,3,26,13,,,,,,,
2024-03-27,18.759999999999998,2,3,27,13,11.620000000000001,,,,,,
2024-03-28,2.16,3,3,28,13,18.759999999999998,,,,,,
2024-04-01,12.06,0,4,1,14,2.16,,,,,,
2024-04-02,0.0,1,4,2,14,12.06,,,,,,
2024-04-09,159.59,1,4,9,15,0.0,,,,,,
2024-04-10,49.76,2,4,10,15,159.59,,36.278571428571425,56.81718297269217,,,
2024-04-22,52.96,0,4,22,17,49.76,11.620000000000001,42.18428571428571,55.969093214363376,,,
2024-04-23,8.67,1,4,23,17,52.96,18.759999999999998,40.74285714285714,56.796717250878075,,,
2024-04-24,20.0,2,4,24,17,8.67,2.16,43.29142857142857,55.15336992682963,,,
2024-04-25,30.98,3,4,25,17,20.0,12.06,45.99428571428571,53.81510997763326,,,
2024-04-26,16.94,4,4,26,17,30.98,0.0,48.41428571428571,51.74308129503657,,,
2024-04-30,2457.15,1,4,30,18,16.94,159.59,376.63714285714286,917.5692592335886,,,
2024-05-01,5919.38,2,5,1,18,2457.15,49.76,1215.1542857142856,2263.661222988525,,625.7164285714287,
2024-05-02,5984.84,3,5,2,18,5919.38,52.96,2062.5657142857144,2802.3036994935505,11.620000000000001,1052.375,
2024-05-03,6245.81,4,5,3,18,5984.84,8.67,2953.5857142857144,3023.2726421096354,18.759999999999998,1497.1642857142858,
2024-05-04,6400.62,5,5,4,18,6245.81,20.0,3865.1028571428574,2952.432345342364,2.16,1954.197142857143,
2024-05-05,5821.77,6,5,5,18,6400.62,30.98,4692.358571428572,2471.1240569656325,12.06,2369.1764285714285,
2024-05-06,5705.44,0,5,6,19,5821.77,16.94,5505.001428571429,1365.2106613685248,0.0,2776.7078571428574,
2024-05-07,4026.85,1,5,7,19,5705.44,2457.15,5729.244285714286,788.0715070951603,159.59,3052.940714285715,
2024-05-08,4521.87,2,5,8,19,4026.85,5919.38,5529.599999999999,900.8270636846262,49.76,3372.3771428571426,
2024-05-09,4491.14,3,5,9,19,4521.87,5984.84,5316.214285714285,950.5575438105977,52.96,3689.39,
2024-05-10,7381.43,4,5,10,19,4491.14,6245.81,5478.4457142857145,1199.8675179765628,8.67,4216.015714285714,
2024-05-11,7082.35,5,5,11,19,7381.43,6400.62,5575.835714285714,1309.8220123342094,20.0,4720.469285714285,
2024-05-12,5880.56,6,5,12,19,7082.35,5821.77,5584.234285714287,1311.8486758115705,30.98,5138.296428571428,
2024-05-13,4917.12,0,5,13,20,5880.56,5705.44,5471.617142857142,1333.3700404328158,16.94,5488.309285714286,
2024-05-14,5085.46,1,5,14,20,4917.12,4026.85,5622.847142857144,1195.054088032759,2457.15,5676.045714285714,
2024-05-15,5356.74,2,5,15,20,5085.46,4521.87,5742.114285714286,1105.1406714962752,5919.38,5635.857142857143,
2024-05-16,5374.18,3,5,16,20,5356.74,4491.14,5868.262857142858,982.0947139781425,5984.84,5592.238571428571,
2024-05-17,9703.04,4,5,17,20,5374.18,7381.43,6199.921428571429,1704.5487790265654,6245.81,5839.183571428572,3424.641666666667
2024-05-18,9168.49,5,5,18,20,9703.04,7082.35,6497.941428571429,2034.9007747015467,6400.62,6036.888571428572,3729.870666666667
2024-05-19,7572.25,6,5,19,20,9168.49,5880.56,6739.611428571428,2049.7591457406947,5821.77,6161.922857142858,3981.6536666666666
2024-05-20,2201.82,0,5,20,21,7572.25,4917.12,6351.711428571429,2627.6062143227664,5705.44,5911.664285714286,4054.9756666666667
2024-05-21,2663.13,1,5,21,21,2201.82,5085.46,6005.664285714286,2960.571071166604,4026.85,5814.255714285714,4143.344666666667
2024-05-22,4280.63,2,5,22,21,2663.13,5356.74,5851.934285714286,3027.0749515159414,4521.87,5797.024285714286,4286.032333333334
2024-05-23,4236.96,3,5,23,21,4280.63,5374.18,5689.4742857142855,3086.9142250628274,4491.14,5778.868571428572,4421.944666666666
2024-05-24,5684.36,4,5,24,21,4236.96,9703.04,5115.377142857143,2541.6018670759213,7381.43,5657.649285714286,4609.764666666667
2024-05-25,6538.4,5,5,25,21,5684.36,9168.49,4739.650000000001,1973.4704761916248,7082.35,5618.795714285714,4825.946
2024-05-26,4735.93,6,5,26,21,6538.4,7572.25,4334.461428571429,1538.1081968815736,5880.56,5537.036428571429,4983.521333333334
2024-05-27,4317.65,0,5,27,22,4735.93,2201.82,4636.722857142857,1225.238093511002,4917.12,5494.217142857143,5126.776333333333
2024-05-28,4344.39,1,5,28,22,4317.65,2663.13,4876.902857142857,893.8526184950598,5085.46,5441.28357142857,5270.556666666667
2024-05-29,3839.11,2,5,29,22,4344.39,4280.63,4813.828571428572,956.334944557058,5356.74,5332.881428571428,5397.962333333333
2024-05-30,4460.96,3,5,30,22,3839.11,4236.96,4845.828571428572,937.374883836567,5374.18,5267.651428571428,5464.755999999999
2024-05-31,5022.33,4,5,31,22,4460.96,5684.36,4751.252857142857,869.6202116003332,9703.04,4933.3150000000005,5434.854333333334
2024-06-01,8090.82,5,6,1,22,5022.33,6538.4,4973.027142857143,1423.139887089041,9168.49,4856.3385714285705,5505.053666666668
2024-06-02,6077.4,6,6,2,22,8090.82,4735.93,5164.665714285715,1475.257592612864,7572.25,4749.563571428572,5499.4400000000005
2024-06-03,3543.15,0,6,3,23,6077.4,4317.65,5054.022857142857,1575.0393902980568,2201.82,4845.372857142857,5404.191000000001
2024-06-04,3940.84,1,6,4,23,3543.15,4344.39,4996.372857142857,1612.2875627475623,2663.13,4936.637857142857,5341.493333333333
2024-06-05,4995.03,2,6,5,23,3940.84,3839.11,5161.504285714285,1531.1593032607361,4280.63,4987.666428571429,5317.812999999999
2024-06-06,5208.89,3,6,6,23,4995.03,4460.96,5268.351428571428,1499.9034301072911,4236.96,5057.089999999999,5357.214333333333
2024-06-07,8993.04,4,6,7,23,5208.89,5022.33,5835.595714285714,2043.635553410124,5684.36,5293.424285714286,5506.253333333332
2024-06-08,6196.92,5,6,8,23,8993.04,8090.82,5565.038571428571,1806.967447534022,6538.4,5269.032857142857,5563.112666666667
2024-06-09,6552.99,6,6,9,23,6196.92,6077.4,5632.9800000000005,1838.1154146933573,4735.93,5398.822857142857,5535.4980000000005
2024-06-10,4677.889999999999,0,6,10,24,6552.99,3543.15,5795.085714285715,1664.9759411360587,4317.65,5424.554285714286,5455.349333333334
2024-06-11,3788.7400000000002,1,6,11,24,4677.889999999999,3940.84,5773.357142857143,1693.9480682684682,4344.39,5384.865,5385.622
2024-06-12,2904.85,2,6,12,24,3788.7400000000002,4995.03,5474.76,2008.9457707630304,3839.11,5318.132142857144,5318.546333333333
2024-06-13,4588.51,3,6,13,24,2904.85,5208.89,5386.134285714286,2036.1298765129327,4460.96,5327.242857142856,5301.981333333333
2024-06-14,5902.59,4,6,14,24,4588.51,8993.04,4944.641428571428,1339.6203017326527,5022.33,5390.118571428572,5320.176333333334
2024-06-15,7983.74,5,6,15,24,5902.59,6196.92,5199.901428571428,1731.0550804873167,8090.82,5382.47,5407.161666666667
2024-06-16,6431.5199999999995,6,6,16,24,7983.74,6552.99,5182.5485714285705,1715.7718341845311,6077.4,5407.7642857142855,5298.111
2024-06-17,5034.57,0,6,17,25,6431.5199999999995,4677.889999999999,5233.502857142857,1703.5394981793465,3543.15,5514.294285714285,5160.313666666667
2024-06-18,3742.41,1,6,18,25,5034.57,3788.7400000000002,5226.884285714286,1710.1653179332993,3940.84,5500.120714285715,5032.652333333333
2024-06-19,5900.41,2,6,19,25,3742.41,2904.85,5654.8214285714275,1374.0375276343862,4995.03,5564.790714285715,5155.938666666667
2024-06-20,4785.27,3,6,20,25,5900.41,4588.51,5682.93,1350.397703505649,5208.89,5534.532142857142,5226.676666666666
2024-06-21,5444.5,4,6,21,25,4785.27,5902.59,5617.488571428571,1349.0777115672827,8993.04,5281.0650000000005,5265.472333333333
2024-06-22,5609.26,5,6,22,25,5444.5,7983.74,5278.277142857143,867.5189877213874,6196.92,5239.089285714285,5311.215666666667
2024-06-23,6519.47,6,6,23,25,5609.26,6431.5199999999995,5290.841428571429,887.4139166219358,6552.99,5236.695,5339.0526666666665
2024-06-24,3077.0099999999998,0,6,24,26,6519.47,5034.57,5011.1900000000005,1225.6264286070198,4677.889999999999,5122.346428571428,5223.673
2024-06-25,2809.88,1,6,25,26,3077.0099999999998,3742.41,4877.971428571429,1421.5422123106125,3788.7400000000002,5052.427857142858,5159.471333333334
2024-06-26,4493.56,2,6,26,26,2809.88,5900.41,4676.992857142857,1350.5763201403345,2904.85,5165.907142857142,5165.335000000001
2024-06-27,4014.86,3,6,27,26,4493.56,4785.27,4566.934285714286,1371.5103679260208,4588.51,5124.932142857143,5154.350666666666
2024-06-28,5970.7300000000005,4,6,28,26,4014.86,5444.5,4642.11,1440.3243410426687,5902.59,5129.799285714286,5225.404666666667
2024-06-29,4716.1,5,6,29,26,5970.7300000000005,5609.26,4514.515714285714,1378.606695772427,7983.74,4896.396428571429,5233.909333333333
2024-06-30,5717.16,6,6,30,26,4716.1,6519.47,4399.900000000001,1206.7789625141234,6431.5199999999995,4845.370714285715,5257.070333333333
2024-07-01,4542.36,0,7,1,27,5717.16,3077.0099999999998,4609.2357142857145,1056.8348654332121,5034.57,4810.212857142857,5138.788333333333
2024-07-02,3214.33,1,7,2,27,4542.36,2809.88,4667.014285714286,947.4625778688583,3742.41,4772.492857142858,5043.352666666667
2024-07-03,4563.84,2,7,3,27,3214.33,4493.56,4677.0542857142855,945.6888980677361,5900.41,4677.023571428572,5077.375666666666
2024-07-04,1728.96,3,7,4,27,4563.84,4014.86,4350.4971428571425,1464.709676815559,4785.27,4458.715714285715,5003.646333333334
2024-07-05,2692.31,4,7,5,27,1728.96,5970.7300000000005,3882.151428571429,1382.1024296873275,5444.5,4262.130714285714,4926.889
2024-07-06,5071.85,5,7,6,27,2692.31,4716.1,3932.972857142857,1423.7904518539485,5609.26,4223.744285714286,4922.321
2024-07-07,5512.73,6,7,7,27,5071.85,5717.16,3903.7685714285717,1382.5950324351236,6519.47,4151.834285714286,4806.310666666666
2024-07-08,4880.7,0,7,8,28,5512.73,4542.36,3952.1028571428574,1414.1933344692081,3077.0099999999998,4280.669285714285,4762.4366666666665
2024-07-09,8074.01,1,7,9,28,4880.7,3214.33,4646.342857142857,2044.1657705913044,2809.88,4656.678571428572,4813.137333333333
2024-07-10,4180.6,2,7,10,28,8074.01,4563.84,4591.594285714285,2051.861351349526,4493.56,4634.324285714286,4796.561
2024-07-11,3934.75,3,7,11,28,4180.6,1728.96,4906.707142857143,1673.4448802665943,4014.86,4628.602142857143,4801.428
2024-07-12,4265.31,4,7,12,28,3934.75,2692.31,5131.421428571428,1411.669615554912,5970.7300000000005,4506.786428571429,4846.776666666667
2024-07-13,7739.12,5,7,13,28,4265.31,5071.85,5512.46,1719.3543824548415,4716.1,4722.716428571429,4951.7970000000005
2024-07-14,8454.74,6,7,14,28,7739.12,5512.73,5932.747142857143,2047.6653170193156,5717.16,4918.257857142858,5036.868666666666
2024-07-15,3823.96,0,7,15,29,8454.74,4880.7,5781.784285714285,2173.2560455290522,4542.36,4866.943571428571,4898.209333333333
2024-07-16,3219.74,1,7,16,29,3823.96,8074.01,5088.317142857143,2092.914494420913,3214.33,4867.33,4791.149999999999
2024-07-17,3923.54,2,7,17,29,3219.74,4180.6,5051.594285714285,2113.6485788469913,4563.84,4821.594285714285,4754.115666666667
2024-07-18,4317.72,3,7,18,29,3923.54,3934.75,5106.3042857142855,2084.6798279020945,1728.96,5006.505714285713,4773.292666666666
2024-07-19,4593.6,4,7,19,29,4317.72,4265.31,5153.202857142857,2066.2178762634107,2692.31,5142.312142857142,4729.732333333333
2024-07-20,6336.08,5,7,20,29,4593.6,7739.12,4952.768571428571,1827.8653952213278,5071.85,5232.614285714286,4781.426
2024-07-21,6003.47,6,7,21,29,6336.08,8454.74,4602.587142857143,1156.743402354419,5512.73,5267.667142857143,4800.058333333333
2024-07-22,3551.95,0,7,22,30,6003.47,3823.96,4563.728571428572,1191.3116057302639,4880.7,5172.756428571428,4731.481333333333
2024-07-23,3114.4,1,7,23,30,3551.95,3219.74,4548.679999999999,1211.6106953830786,8074.01,4818.498571428571,4617.979
2024-07-24,3958.64,2,7,24,30,3114.4,3923.54,4553.694285714286,1208.661383761076,4180.6,4802.644285714286,4647.366666666667
2024-07-25,3597.03,3,7,25,30,3958.64,4317.72,4450.738571428572,1261.6455908776254,3934.75,4778.521428571429,4673.605
2024-07-26,4992.33,4,7,26,30,3597.03,4593.6,4507.7,1278.0647635650814,4265.31,4830.451428571428,4690.230666666666
2024-07-27,6251.06,5,7,27,30,4992.33,6336.08,4495.5542857142855,1258.0404919140078,7739.12,4724.1614285714295,4764.770666666666
2024-07-28,6839.29,6,7,28,30,6251.06,6003.47,4614.957142857143,1450.0277742594487,8454.74,4608.772142857143,4793.722666666667
2024-07-29,3936.27,0,7,29,31,6839.29,3551.95,4669.86,1409.7881083576597,3823.96,4616.794285714285,4767.728333333333
2024-07-30,3875.37,1,7,30,31,3936.27,3114.4,4778.570000000001,1294.4785670042343,3219.74,4663.625,4706.335333333333
2024-07-31,4505.85,2,7,31,31,3875.37,3958.64,4856.742857142858,1252.5548948012133,3923.54,4705.2185714285715,4705.118333333333
2024-08-01,4733.42,3,8,1,31,4505.85,3597.03,5019.084285714285,1129.6910680632598,4317.72,4734.911428571429,4755.754666666667
2024-08-02,4966.94,4,8,2,31,4733.42,4992.33,5015.457142857143,1129.8320374538625,4593.6,4761.578571428572,4769.191333333333
2024-08-03,5589.11,5,8,3,31,4966.94,6251.06,4920.892857142857,1032.705907486321,6336.08,4708.223571428572,4897.862999999999
2024-08-04,6403.51,6,8,4,31,5589.11,6839.29,4858.638571428572,902.7426515980555,6003.47,4736.797857142857,5021.569666666666
2024-08-05,4318.08,0,8,5,32,6403.51,3936.27,4913.182857142857,847.5730060927766,3551.95,4791.521428571429,4996.4439999999995
2024-08-06,3232.25,1,8,6,32,4318.08,3875.37,4821.308571428572,999.9727960537832,3114.4,4799.939285714286,4920.428
2024-08-07,4707.9,2,8,7,32,3232.25,4505.85,4850.172857142857,992.2356005457971,3958.64,4853.457857142857,4914.668000000001
2024-08-08,3832.53,3,8,8,32,4707.9,4733.42,4721.4742857142855,1065.6149571156425,3597.03,4870.279285714286,4773.285333333333
2024-08-09,4706.27,4,8,9,32,3832.53,4966.94,4684.2357142857145,1060.1479610547633,4992.33,4849.846428571429,4790.807666666667
2024-08-10,6930.63,5,8,10,32,4706.27,5589.11,4875.881428571428,1336.2806249241294,6251.06,4898.387142857143,4890.6703333333335
2024-08-11,6579.2,6,8,11,32,6930.63,6403.51,4900.9800000000005,1370.9553230503184,6839.29,4879.809285714286,4967.799999999999
2024-08-12,3542.11,0,8,12,33,6579.2,4318.08,4790.127142857143,1454.7535737564435,3936.27,4851.655,4827.899666666666
2024-08-13,4370.78,1,8,13,33,3542.11,3232.25,4952.774285714286,1307.767814800691,3875.37,4887.041428571429,4691.767666666667
2024-08-14,4403.2300000000005,2,8,14,33,4370.78,4707.9,4909.25,1322.265411241884,4505.85,4879.711428571429,4711.076666666667
2024-08-15,4416.48,3,8,15,33,4403.2300000000005,3832.53,4992.671428571428,1259.9667507442234,4733.42,4857.072857142857,4750.967999999999
2024-08-16,5821.05,4,8,16,33,4416.48,4706.27,5151.925714285714,1287.8760981147386,4966.94,4918.080714285715,4814.218333333334
2024-08-17,9085.41,5,8,17,33,5821.05,6930.63,5459.751428571428,1897.2331635782048,5589.11,5167.816428571428,4973.141333333333
2024-08-18,8269.1,6,8,18,33,9085.41,6579.2,5701.165714285715,2153.61209568837,6403.51,5301.072857142857,5095.657999999999
2024-08-19,5020.38,0,8,19,34,8269.1,3542.11,5912.347142857143,1971.3800070484876,4318.08,5351.237142857143,5051.801333333333
2024-08-20,3596.7,1,8,20,34,5020.38,4370.78,5801.764285714286,2090.383826373023,3232.25,5377.269285714286,4971.5756666666675
2024-08-21,4062.45,2,8,21,34,3596.7,4403.2300000000005,5753.081428571429,2131.9378173188593,4707.9,5331.165714285714,4988.592333333333
2024-08-22,4354.79,3,8,22,34,4062.45,4416.48,5744.268571428572,2138.5012281457703,3832.53,5368.47,5029.938666666667
2024-08-23,5585.1,4,8,23,34,4354.79,5821.05,5710.561428571428,2138.9487707238263,4706.27,5431.24357142857,5084.1539999999995
2024-08-24,7520.07,5,8,24,34,5585.1,9085.41,5486.941428571428,1778.8239617738916,6930.63,5473.346428571429,5214.9220000000005
2024-08-25,8356.52,6,8,25,34,7520.07,8269.1,5499.43,1801.7709451166866,6579.2,5600.297857142858,5327.0616666666665
2024-08-26,4266.68,0,8,26,35,8356.52,5020.38,5391.7585714285715,1856.8478189432476,3542.11,5652.052857142858,5260.915666666667
2024-08-27,3330.22,1,8,27,35,4266.68,3596.7,5353.6900000000005,1901.9667202661587,4370.78,5577.727142857143,5143.946666666667
2024-08-28,4247.02,2,8,28,35,3330.22,4062.45,5380.057142857143,1882.2599713174102,4403.2300000000005,5566.569285714286,5154.305000000001
2024-08-29,4704.3,3,8,29,35,4247.02,4354.79,5429.987142857143,1854.9680844218908,4416.48,5587.127857142857,5181.936
2024-08-30,6240.07,4,8,30,35,4704.3,5585.1,5523.5542857142855,1880.4401138550647,5821.05,5617.057857142857,5239.743333333334
2024-08-31,5624.9,5,8,31,35,6240.07,7520.07,5252.815714285714,1669.7020926286752,9085.41,5369.8785714285705,5269.459333333333
2024-09-01,5260.39,6,9,1,35,5624.9,8356.52,4810.511428571429,976.8210325067827,8269.1,5154.970714285714,5279.240999999999
2024-09-02,4407.36,0,9,2,36,5260.39,4266.68,4830.608571428572,965.1448218519423,5020.38,5111.183571428571,5239.849333333334
2024-09-03,3578.24,1,9,3,36,4407.36,3330.22,4866.04,903.4656084028132,3596.7,5109.865,5145.673666666667
2024-09-04,4126.09,2,9,4,36,3578.24,4247.02,4848.7642857142855,918.3092909773029,4062.45,5114.410714285715,5139.274
2024-09-05,3109.47,3,9,5,36,4126.09,4704.3,4620.931428571428,1132.892443430067,4354.79,5025.459285714285,5135.181333333332
2024-09-06,6626.44,4,9,6,36,3109.47,6240.07,4676.127142857143,1230.1626368589666,5585.1,5099.840714285715,5199.132666666666
2024-09-07,3959.73,5,9,7,36,6626.44,5624.9,4438.245714285715,1175.921099406148,7520.07,4845.530714285714,5203.372666666666
2024-09-08,3555.01,6,9,8,36,3959.73,5260.39,4194.62,1153.650168812014,8356.52,4502.565714285714,5164.997333333334
2024-09-09,3340.29,0,9,9,37,3555.01,4407.36,4042.1814285714286,1190.7568382395593,4266.68,4436.3949999999995,5045.319333333333
2024-09-10,4359.48,1,9,10,37,3340.29,3578.24,4153.7871428571425,1176.5526601717115,3330.22,4509.913571428571,4971.328666666666
2024-09-11,3268.36,2,9,11,37,4359.48,4126.09,4031.2542857142857,1223.640126764629,4247.02,4440.009285714285,4962.203666666666
2024-09-12,3984.97,3,9,12,37,3268.36,3109.47,4156.325714285714,1156.6277771299456,4704.3,4388.628571428571,4949.343333333333
2024-09-13,6523.48,4,9,13,37,3984.97,6626.44,4141.617142857142,1120.0570909811383,6240.07,4408.8721428571425,5020.0183333333325
2024-09-14,7190.05,5,9,14,37,6523.48,3959.73,4603.091428571429,1596.6797664469061,5624.9,4520.668571428571,5112.470666666666
2024-09-15,7367.94,6,9,15,37,7190.05,3555.01,5147.795714285714,1814.9982226516292,5260.39,4671.2078571428565,5164.033666666666
2024-09-16,3987.59,0,9,16,38,7367.94,3340.29,5240.267142857142,1721.6491573460837,4407.36,4641.2242857142855,4994.106333333332
2024-09-17,2799.44,1,9,17,38,3987.59,4359.48,5017.404285714286,1941.5900315880037,3578.24,4585.595714285714,4811.784333333333
2024-09-18,4138.72,2,9,18,38,2799.44,3268.36,5141.7414285714285,1835.9077314090764,4126.09,4586.497857142857,4782.395666666666
2024-09-19,4057.27,3,9,19,38,4138.72,3984.97,5152.07,1828.5036949739358,3109.47,4654.197857142857,4797.7480000000005
2024-09-20,8659.49,4,9,20,38,4057.27,6523.48,5457.214285714285,2229.723189014407,6626.44,4799.415714285714,4950.982666666667
2024-09-21,5217.4,5,9,21,38,8659.49,7190.05,5175.407142857142,2094.7902606364073,3959.73,4889.249285714286,4979.736333333333
2024-09-22,7050.4,6,9,22,38,5217.4,7367.94,5130.044285714285,2042.1749345314604,3555.01,5138.92,5028.5796666666665
2024-09-23,3845.21,0,9,23,39,7050.4,3987.59,5109.704285714286,2056.111707283574,3340.29,5174.9857142857145,4906.084333333333
2024-09-24,3659.05,1,9,24,39,3845.21,2799.44,5232.505714285713,1916.0326879506108,4359.48,5124.955,4749.5019999999995
2024-09-25,3840.81,2,9,25,39,3659.05,4138.72,5189.947142857142,1947.4281636790818,3268.36,5165.844285714285,4735.306333333333
2024-09-26,4017.5,3,9,26,39,3840.81,4057.27,5184.265714285714,1951.3374711793385,3984.97,5168.1678571428565,4758.215666666667
2024-09-27,5639.53,4,9,27,39,4017.5,8659.49,4752.842857142858,1269.7446935468863,6523.48,5105.028571428571,4804.632666666666
2024-09-28,8883.53,5,9,28,39,5639.53,5217.4,5276.575714285714,2024.8538924397926,7190.05,5225.9914285714285,4943.940333333333
2024-09-29,5689.2699999999995,6,9,29,39,8883.53,7050.4,5082.128571428571,1886.7695430587942,7367.94,5106.086428571429,4925.580333333333
2024-09-30,4106.59,0,9,30,40,5689.2699999999995,3845.21,5119.4685714285715,1860.6156630931666,3987.59,5114.586428571429,4874.97
2024-10-01,4317.47,1,10,1,40,4106.59,3659.05,5213.528571428571,1789.7761589132572,2799.44,5223.017142857143,4843.539333333333
2024-10-02,3809.25,2,10,2,40,4317.47,3840.81,5209.0199999999995,1793.8455866935724,4138.72,5199.483571428572,4823.602333333333
2024-10-03,4444.72,3,10,3,40,3809.25,4017.5,5270.051428571429,1753.3611847955422,4057.27,5227.158571428571,4852.485000000001
2024-10-04,4642.7699999999995,4,10,4,40,4444.72,5639.53,5127.657142857142,1758.8200265018068,8659.49,4940.25,4869.707666666667
2024-10-05,5537.92,5,10,5,40,4642.7699999999995,8883.53,4649.7128571428575,709.8599421649852,5217.4,4963.144285714286,4950.656
2024-10-06,5870.09,6,10,6,40,5537.92,5689.2699999999995,4675.544285714286,755.7972946466789,7050.4,4878.836428571429,4925.444333333334
2024-10-07,3495.19,0,10,7,41,5870.09,4106.59,4588.201428571429,860.5718197111453,3845.21,4853.835,4909.959666666667
2024-10-08,3860.98,1,10,8,41,3495.19,4317.47,4522.988571428571,900.8597397195737,3659.05,4868.2585714285715,4920.158666666666
2024-10-09,3962.52,2,10,9,41,3860.98,3809.25,4544.884285714285,882.2920849480086,3840.81,4876.952142857143,4940.899666666667
2024-10-10,4649.2300000000005,3,10,10,41,3962.52,4444.72,4574.099999999999,881.8083859509007,4017.5,4922.075714285714,4950.558
2024-10-11,5108.37,4,10,11,41,4649.2300000000005,4642.7699999999995,4640.614285714286,905.1036763608381,5639.53,4884.135714285715,5011.891666666666
2024-10-12,8079.92,5,10,12,41,5108.37,5537.92,5003.757142857144,1581.973087547261,8883.53,4826.735,5148.39
2024-10-13,6016.06,6,10,13,41,8079.92,5870.09,5024.610000000001,1596.1941017098573,5689.2699999999995,4850.077142857143,5131.476
2024-10-14,4157.57,0,10,14,42,6016.06,3495.19,5119.2357142857145,1507.5901469216503,4106.59,4853.7185714285715,5030.393333333334
2024-10-15,3177.69,1,10,15,42,4157.57,3860.98,5021.622857142857,1620.5278325051422,4317.47,4772.305714285714,4890.718333333334
2024-10-16,3826.78,2,10,16,42,3177.69,3962.52,5002.231428571429,1636.051197970576,3809.25,4773.557857142857,4885.358000000001
2024-10-17,5918.62,3,10,17,42,3826.78,4649.2300000000005,5183.572857142856,1660.5694878335614,4444.72,4878.836428571429,4989.330666666667
2024-10-18,5415.83,4,10,18,42,5918.62,5108.37,5227.495714285715,1662.314126580346,4642.7699999999995,4934.055,5031.901
2024-10-19,5335.77,5,10,19,42,5415.83,8079.92,4835.4742857142855,1109.00578181326,5537.92,4919.615714285714,5074.517666666667
2024-10-20,5480.88,6,10,20,42,5335.77,6016.06,4759.0199999999995,1029.6611131176448,5870.09,4891.8150000000005,4968.564
2024-10-21,3246.28,0,10,21,43,5480.88,4157.57,4628.835714285715,1166.8487915872263,3495.19,4874.035714285715,4902.860000000001
2024-10-22,6124.53,1,10,22,43,3246.28,3177.69,5049.812857142858,1084.7382052168841,3860.98,5035.717857142858,4871.997666666667
2024-10-23,5572.92,2,10,23,43,6124.53,3826.78,5299.261428571429,948.8766540745042,3962.52,5150.746428571429,4929.588
2024-10-24,4196.74,3,10,24,43,5572.92,5918.62,5053.278571428571,984.0898439917078,4649.2300000000005,5118.425714285714,4947.511
2024-10-25,5010.22,4,10,25,43,4196.74,5415.83,4995.334285714285,971.0393612663573,5108.37,5111.415,4986.491333333333
2024-10-26,8906.05,5,10,26,43,5010.22,5335.77,5505.374285714286,1780.183509172181,8079.92,5170.424285714286,5149.443
2024-10-27,6824.54,6,10,27,43,8906.05,5480.88,5697.325714285714,1848.2424404990586,6016.06,5228.172857142857,5188.943333333334
2024-10-28,3998.83,0,10,28,44,6824.54,3246.28,5804.832857142857,1697.663041298387,4157.57,5216.834285714286,5026.12
2024-10-29,4300.33,1,10,29,44,3998.83,6124.53,5544.232857142857,1778.4963159339088,3177.69,5297.022857142858,4979.821999999999
2024-10-30,4292.29,2,10,30,44,4300.33,5572.92,5361.285714285715,1839.8616451865555,3826.78,5330.273571428572,4986.012
2024-10-31,2934.19,3,10,31,44,4292.29,4196.74,5180.921428571428,2025.5638390863644,5918.62,5117.099999999999,4939.902666666666
2024-11-01,3233.61,4,11,1,44,2934.19,5010.22,4927.12,2157.522879886407,5415.83,4961.227142857142,4920.714666666667
2024-11-02,7642.56,5,11,2,44,3233.61,8906.05,4746.621428571429,1790.8611602655358,5335.77,5125.997857142857,5027.309333333334
2024-11-03,7133.16,6,11,3,44,7642.56,6824.54,4790.71,1853.2546290512814,5480.88,5244.017857142857,5110.3223333333335
2024-11-04,2778.38,0,11,4,45,7133.16,3998.83,4616.36,1992.3574377104126,3246.28,5210.596428571428,5018.337666666665
2024-11-05,3086.0,1,11,5,45,2778.38,4300.33,4442.884285714285,2075.5882283572614,6124.53,4993.558571428571,4925.5346666666655
2024-11-06,2558.7,2,11,6,45,3086.0,4292.29,4195.228571428572,2196.456892212459,5572.92,4778.257142857144,4894.318333333333
2024-11-07,4159.71,3,11,7,45,2558.7,2934.19,4370.302857142857,2126.931417470673,4196.74,4775.612142857143,4904.276
2024-11-08,3964.39,4,11,8,45,4159.71,3233.61,4474.7,2079.2397160099968,5010.22,4700.910000000001,4904.338333333333
2024-11-09,6932.28,5,11,9,45,3964.39,7642.56,4373.231428571428,1909.2633029384958,8906.05,4559.926428571428,4980.4400000000005
2024-11-10,6321.78,6,11,10,45,6932.28,7133.16,4257.320000000001,1729.9954605239077,6824.54,4524.015,5020.887000000001
2024-11-11,4130.79,0,11,11,46,6321.78,2778.38,4450.521428571429,1608.5585956525226,3998.83,4533.440714285714,4889.249333333334
2024-11-12,3903.45,1,11,12,46,4130.79,3086.0,4567.3,1520.2342094558978,4300.33,4505.092142857143,4818.829
2024-11-13,3318.53,2,11,13,46,3903.45,2558.7,4675.847142857143,1372.9012763088522,4292.29,4435.537857142857,4790.861
2024-11-14,2813.62,3,11,14,46,3318.53,4159.71,4483.548571428571,1541.200218676216,2934.19,4426.925714285714,4778.725333333333
2024-11-15,4182.24,4,11,15,46,2813.62,3964.39,4514.67,1531.1362944993925,3233.61,4494.685,4790.574
2024-11-16,6208.92,5,11,16,46,4182.24,6932.28,4411.332857142857,1355.0624283738637,7642.56,4392.282142857142,4800.250666666666
2024-11-17,5423.18,6,11,17,46,6208.92,6321.78,4282.961428571429,1174.4386529945334,7133.16,4270.140714285714,4800.495666666667
2024-11-18,2595.19,0,11,18,47,5423.18,4130.79,4063.59,1339.4268913481835,2778.38,4257.055714285714,4709.142999999999
2024-11-19,2225.13,1,11,19,47,2595.19,3903.45,3823.8300000000004,1511.9679633069795,3086.0,4195.565,4600.6179999999995
2024-11-20,3125.22,2,11,20,47,2225.13,3318.53,3796.214285714286,1524.44920002665,2558.7,4236.030714285715,4596.582666666666
2024-11-21,5849.93,3,11,21,47,3125.22,2813.62,4229.972857142858,1626.8017394847075,4159.71,4356.760714285714,4587.429333333333
2024-11-22,4966.4,4,11,22,47,5849.93,4182.24,4341.995714285714,1649.8033248931722,3964.39,4428.332857142857,4567.212
2024-11-23,6860.6,5,11,23,47,4966.4,6208.92,4435.092857142858,1785.5156948037372,6932.28,4423.2128571428575,4656.007333333332
2024-11-24,6003.45,6,11,24,47,6860.6,5423.18,4517.988571428571,1851.2934130802396,6321.78,4400.475,4689.115
2024-11-25,2869.43,0,11,25,48,6003.45,2595.19,4557.165714285714,1806.173251443108,4130.79,4310.3778571428575,4487.894333333333
2024-11-26,2818.46,1,11,26,48,2869.43,2225.13,4641.927142857143,1688.5884822904036,3903.45,4232.878571428571,4354.358333333334
2024-11-27,3721.11,2,11,27,48,2818.46,3125.22,4727.0542857142855,1612.6977199386242,3318.53,4261.634285714285,4345.101
2024-11-28,1836.11,3,11,28,48,3721.11,5849.93,4153.651428571428,1843.9060330670177,2813.62,4191.812142857143,4262.960333333333
2024-11-29,2099.6,4,11,29,48,1836.11,4966.4,3744.108571428572,1948.6929944916776,4182.24,4043.0521428571424,4189.870666666667
2024-11-30,4675.78,5,11,30,48,2099.6,6860.6,3431.9914285714285,1486.4947231146177,6208.92,3933.5421428571426,4247.923666666667
2024-12-01,4470.43,6,12,1,48,4675.78,6003.45,3212.988571428571,1109.671054343404,5423.18,3865.488571428571,4289.151
2024-12-02,4615.47,0,12,2,49,4470.43,2869.43,3462.4228571428575,1211.1715071466117,2595.19,4009.7942857142853,4188.248
2024-12-03,3200.46,1,12,3,49,4615.47,2818.46,3516.9942857142855,1185.6579474263328,2225.13,4079.460714285714,4057.1580000000004
2024-12-04,5277.53,2,12,4,49,3200.46,3721.11,3739.3399999999997,1362.991077838243,3125.22,4233.197142857143,4140.463
2024-12-05,5151.19,3,12,5,49,5277.53,1836.11,4212.922857142857,1150.9082645996612,5849.93,4183.2871428571425,4209.3026666666665
2024-12-06,4643.28,4,12,6,49,5151.19,2099.6,4576.305714285714,676.0526442730401,4966.4,4160.207142857143,4278.788666666666
2024-12-07,5842.22,5,12,7,49,4643.28,4675.78,4742.9400000000005,830.7183654323933,6860.6,4087.465714285714,4334.872333333334
2024-12-08,5549.7,6,12,8,49,5842.22,4470.43,4897.121428571429,870.895575742363,6003.45,4055.0550000000003,4387.715999999999
2024-12-09,3368.83,0,12,9,50,5549.7,4615.47,4719.03,1047.6231739832158,2869.43,4090.7264285714286,4268.934333333334
2024-12-10,4115.57,1,12,10,50,3368.83,3200.46,4849.76,868.2897638845394,2818.46,4183.377142857143,4195.393999999999
2024-12-11,3611.94,2,12,11,50,4115.57,5277.53,4611.818571428571,955.3761039407214,3721.11,4175.579285714286,4178.099
2024-12-12,3507.8,3,12,12,50,3611.94,5151.19,4377.048571428571,1001.546953274924,1836.11,4294.9857142857145,4164.910666666667
2024-12-13,4293.15,4,12,13,50,3507.8,4643.28,4327.03,994.7549607817981,2099.6,4451.667857142857,4197.397999999999
2024-12-14,4414.95,5,12,14,50,4293.15,5842.22,4123.134285714285,748.1242706675806,4675.78,4433.037142857143,4250.775666666666
2024-12-15,4613.96,6,12,15,50,4414.95,5549.7,3989.457142857143,489.70614337287657,4470.43,4443.289285714285,4265.166333333333
2024-12-16,3275.97,0,12,16,51,4613.96,3368.83,3976.191428571429,510.15138921135866,4615.47,4347.6107142857145,4167.401333333333
2024-12-17,2835.15,1,12,17,51,3275.97,4115.57,3793.2742857142853,659.5282438950054,3200.46,4321.517142857143,4081.1336666666666
2024-12-18,4082.1,2,12,18,51,2835.15,3611.94,3860.44,661.9195022558703,5277.53,4236.129285714285,4130.6973333333335
2024-12-19,4403.74,3,12,19,51,4082.1,3507.8,3988.4314285714286,668.950900625459,5151.19,4182.74,4203.317666666667
2024-12-20,4120.72,4,12,20,51,4403.74,4293.15,3963.7985714285714,658.9601985306946,4643.28,4145.414285714286,4236.500999999999
2024-12-21,5367.76,5,12,21,51,4120.72,4414.95,4099.914285714285,840.9566900432901,5842.22,4111.524285714286,4220.428666666667
2024-12-22,4849.98,6,12,22,51,5367.76,4613.96,4133.631428571428,869.2570186166349,5549.7,4061.5442857142853,4216.548
2024-12-23,3277.13,0,12,23,52,4849.98,3275.97,4133.797142857143,869.0663539437815,3368.83,4054.9942857142855,4097.099
2024-12-24,1384.49,1,12,24,52,3277.13,2835.15,3926.5600000000004,1297.6409811525914,4115.57,3859.917142857143,3943.1336666666666
2024-12-26,1182.56,3,12,26,52,1384.49,4082.1,3512.3399999999997,1653.6590007918771,3611.94,3686.39,3886.904666666667
2024-12-27,3544.59,4,12,27,52,1182.56,4403.74,3389.6042857142857,1607.7171319903346,3507.8,3689.0178571428573,3911.109
2024-12-28,5132.88,5,12,28,52,3544.59,4120.72,3534.1985714285715,1725.6232562509915,4293.15,3748.9985714285717,3958.168
2024-12-29,5341.14,6,12,29,52,5132.88,5367.76,3530.3957142857143,1720.9320302756182,4414.95,3815.1549999999997,4075.0023333333334
2024-12-30,3190.09,0,12,30,1,5341.14,4849.98,3293.2685714285717,1620.2130845398929,4613.96,3713.4500000000003,4111.352
2024-12-31,3101.4,1,12,31,1,3190.09,3277.13,3268.164285714286,1621.8653948962265,3275.97,3700.980714285714,4058.8726666666666
2025-01-01,1716.05,2,1,1,1,3101.4,1384.49,3315.5299999999997,1561.3994534818187,2835.15,3621.0449999999996,3967.06
2025-01-02,3924.79,3,1,2,1,1716.05,1182.56,3707.277142857143,1250.0123652150276,4082.1,3609.808571428571,3944.037333333333
2025-01-03,3017.46,4,1,3,1,3924.79,3544.59,3631.9728571428573,1277.032426835931,4403.74,3510.7885714285717,3937.9373333333333
2025-01-04,3363.2599999999998,5,1,4,1,3017.46,5132.88,3379.1699999999996,1092.168353261829,4120.72,3456.684285714286,3874.128333333333
2025-01-05,5125.47,6,1,5,1,3363.2599999999998,5341.14,3348.36,1028.8005060587086,5367.76,3439.3778571428566,3873.2709999999997
2025-01-06,3989.58,0,1,6,2,5125.47,3190.09,3462.5728571428576,1052.4087091004453,4849.98,3377.9207142857144,3851.4809999999998
2025-01-07,1842.76,1,1,7,2,3989.58,3101.4,3282.7671428571425,1218.77135818159,3277.13,3275.465714285714,3718.1656666666663
2025-01-08,2589.0,2,1,8,2,1842.76,1716.05,3407.4742857142855,1066.9480527475991,1384.49,3361.5021428571426,3619.4756666666663
2025-01-09,3715.9,3,1,9,2,2589.0,3924.79,3377.632857142857,1052.896495430802,1182.56,3542.4550000000004,3631.0446666666667
2025-01-10,3534.2799999999997,4,1,10,2,3715.9,3017.46,3451.464285714286,1041.489515227379,3544.59,3541.718571428571,3611.6683333333335
2025-01-11,5079.79,5,1,11,2,3534.2799999999997,3363.2599999999998,3696.682857142857,1206.2988893956315,5132.88,3537.9264285714285,3660.5966666666664
2025-01-12,4869.46,6,1,12,2,5079.79,5125.47,3660.11,1158.7027641145323,5341.14,3504.235,3705.985333333333
2025-01-13,2942.04,0,1,13,3,4869.46,3989.58,3510.461428571429,1176.567305971461,3190.09,3486.5171428571425,3660.9483333333333
2025-01-14,3027.03,1,1,14,3,2942.04,1842.76,3679.6428571428573,962.4608350250588,3101.4,3481.2050000000004,3614.6843333333327
2025-01-15,3350.16,2,1,15,3,3027.03,2589.0,3788.38,855.7916317071531,1716.05,3597.9271428571424,3572.5576666666666
2025-01-16,1626.26,3,1,16,3,3350.16,3715.9,3489.8599999999997,1186.0288158809587,3924.79,3433.746428571428,3517.5673333333334
2025-01-17,2575.31,4,1,17,3,1626.26,3534.2799999999997,3352.8642857142854,1234.439137055864,3017.46,3402.164285714286,3508.906
2025-01-18,6986.95,5,1,18,3,2575.31,5079.79,3625.315714285715,1772.3683772554812,3363.2599999999998,3660.9992857142856,3605.7343333333333
2025-01-19,6070.52,6,1,19,3,6986.95,4869.46,3796.8957142857143,1960.9856836368192,5125.47,3728.502857142857,3661.2936666666665
2025-01-20,3590.58,0,1,20,4,6070.52,2942.04,3889.5442857142857,1928.9241684494918,3989.58,3700.002857142857,3643.6223333333332
2025-01-21,3334.2400000000002,1,1,21,4,3590.58,3027.03,3933.4314285714286,1909.425745841127,1842.76,3806.5371428571425,3575.838333333333
2025-01-22,3101.96,2,1,22,4,3334.2400000000002,3350.16,3897.9742857142855,1924.308481315274,2589.0,3843.1771428571433,3517.5710000000004
2025-01-23,3666.44,3,1,23,4,3101.96,1626.26,4189.428571428572,1659.1203448658002,3715.9,3839.6442857142856,3530.5480000000002
2025-01-24,4946.16,4,1,24,4,3666.44,2575.31,4528.121428571429,1509.9865145361225,3534.2799999999997,3940.4928571428572,3649.270333333333
2025-01-25,6027.31,5,1,25,4,4946.16,6986.95,4391.03,1274.7892410773875,5079.79,4008.172857142857,3810.762
2025-01-26,5247.83,6,1,26,4,6027.31,6070.52,4273.5028571428575,1123.0358282903549,4869.46,4035.199285714286,3867.5366666666664
2025-01-27,2548.61,0,1,27,5,5247.83,3590.58,4124.650000000001,1285.8867470867435,2942.04,4007.097142857143,3781.3943333333327
2025-01-28,3392.17,1,1,28,5,2548.61,3334.2400000000002,4132.925714285714,1280.1255100035694,3027.03,4033.1785714285716,3716.4286666666667
2025-01-29,3952.76,2,1,29,5,3392.17,3101.96,4254.4685714285715,1204.0548607300304,3350.16,4076.221428571429,3741.851
2025-01-30,3428.8,3,1,30,5,3952.76,3666.44,4220.52,1226.5379526944912,1626.26,4204.9742857142855,3752.7643333333335
2025-01-31,3737.84,4,1,31,5,3428.8,4946.16,4047.9028571428576,1191.932738814207,2575.31,4288.012142857143,3820.1573333333336
2025-02-01,4824.99,5,2,1,5,3737.84,6027.31,3876.1428571428573,913.1924979928763,6986.95,4133.586428571429,3850.1639999999998
2025-02-02,5349.37,6,2,2,5,4824.99,5247.83,3890.6485714285714,939.0529730075289,6070.52,4082.0757142857146,3927.894333333333
2025-02-03,3620.14,0,2,3,6,5349.37,2548.61,4043.7242857142855,752.6625025613391,3590.58,4084.187142857143,3936.457
2025-02-04,2468.7799999999997,1,2,4,6,3620.14,3392.17,3911.8114285714287,942.7905882083672,3334.2400000000002,4022.3685714285716,3847.9006666666664
2025-02-05,3542.61,2,2,5,6,2468.7799999999997,3952.76,3853.218571428571,952.516457275645,3101.96,4053.843571428571,3833.0016666666666
2025-02-06,4350.52,3,2,6,6,3542.61,3428.8,3984.8928571428573,947.7637163997168,3666.44,4102.706428571429,3916.5936666666666
2025-02-07,3563.65,4,2,7,6,4350.52,3737.84,3960.0085714285715,957.5674222986141,4946.16,4003.9557142857143,3949.082
2025-02-08,6190.05,5,2,8,6,3563.65,4824.99,4155.017142857143,1255.6741688792,6027.31,4015.5800000000004,4031.5536666666667
2025-02-09,4876.16,6,2,9,6,6190.05,5349.37,4087.4157142857143,1191.7692947442602,5247.83,3989.032142857143,4076.2830000000004
2025-02-10,1271.92,0,2,10,7,4876.16,3620.14,3751.9557142857147,1604.3077403338896,2548.61,3897.84,3949.354
2025-02-11,2285.75,1,2,11,7,1271.92,2468.7799999999997,3725.808571428572,1629.9925115106957,3392.17,3818.8100000000004,3863.2303333333334
2025-02-12,1244.9,2,2,12,7,2285.75,3542.61,3397.5642857142857,1884.515365240773,3952.76,3625.3914285714286,3806.6589999999997
2025-02-13,1255.76,3,2,13,7,1244.9,4350.52,2955.4557142857147,1984.0770336763383,3428.8,3470.174285714286,3747.616666666667
2025-02-14,2220.4,4,2,14,7,1255.76,3563.65,2763.562857142857,1980.4046971491632,3737.84,3361.785714285714,3709.958
2025-02-15,5909.44,5,2,15,7,2220.4,6190.05,2723.4757142857147,1900.723397006667,4824.99,3439.246428571429,3852.730666666667
2025-02-16,6308.69,6,2,16,7,5909.44,4876.16,2928.1228571428574,2221.2250846677234,5349.37,3507.7692857142856,3977.1766666666667
2025-02-17,3665.17,0,2,17,8,6308.69,1271.92,3270.0157142857142,2104.956086912162,3620.14,3510.9857142857145,3866.4506666666666
2025-02-18,3533.63,1,2,18,8,3665.17,2285.75,3448.284285714286,2060.0686265822706,2468.7799999999997,3587.046428571429,3781.887666666667
2025-02-19,3424.45,2,2,19,8,3533.63,1244.9,3759.6485714285714,1822.5590164695009,3542.61,3578.6064285714283,3776.35
2025-02-20,3747.09,3,2,20,8,3424.45,1255.76,4115.552857142857,1459.1294737241326,4350.52,3535.504285714286,3790.1116666666667
2025-02-21,4714.93,4,2,21,8,3747.09,2220.4,4471.914285714286,1200.9057178904147,3563.65,3617.7385714285715,3843.877333333333
2025-02-22,6831.62,5,2,22,8,4714.93,5909.44,4603.654285714286,1416.173844387955,6190.05,3663.565,3949.383333333333
2025-02-23,7340.12,6,2,23,8,6831.62,6308.69,4751.001428571429,1656.422334434752,4876.16,3839.5621428571426,4029.182
2025-02-24,4213.48,0,2,24,9,7340.12,3665.17,4829.331428571429,1608.7966503303871,1271.92,4049.6735714285714,3968.7209999999995
2025-02-25,3616.69,1,2,25,9,4213.48,3533.63,4841.197142857142,1597.9169486523585,2285.75,4144.740714285714,3914.3496666666665
2025-02-26,4969.57,2,2,26,9,3616.69,3424.45,5061.928571428572,1471.2965952681352,1244.9,4410.788571428571,3995.048333333333
2025-02-27,6991.19,3,2,27,9,4969.57,3747.09,5525.371428571429,1498.7815187392303,1255.76,4820.462142857143,4115.015666666666
2025-02-28,5965.79,4,2,28,9,6991.19,4714.93,5704.065714285714,1460.1203101212445,2220.4,5087.99,4182.116666666667
2025-03-01,9326.05,5,3,1,9,5965.79,6831.62,6060.412857142856,1989.5651290061176,5909.44,5332.033571428571,4378.691666666667
2025-03-02,7401.61,6,3,2,9,9326.05,7340.12,6069.197142857142,1996.2813626900884,6308.69,5410.0992857142855,4500.817333333333
2025-03-03,3353.12,0,3,3,10,7401.61,4213.48,5946.288571428571,2150.1348402400886,3665.17,5387.8099999999995,4451.755
2025-03-04,3527.39,1,3,4,10,3353.12,3616.69,5933.5314285714285,2166.4633456890683,3533.63,5387.364285714285,4391.022333333332
2025-03-05,5028.6,2,3,5,10,3527.39,4969.57,5941.964285714285,2162.196492472849,3424.45,5501.946428571428,4437.9710000000005
2025-03-06,4422.13,3,3,6,10,5028.6,6991.19,5574.955714285714,2172.4301541657346,3747.09,5550.163571428571,4503.082666666667
2025-03-07,4706.18,4,3,7,10,4422.13,5965.79,5395.011428571428,2186.7813802285473,4714.93,5549.538571428572,4541.868333333333
2025-03-08,8746.47,5,3,8,10,4706.18,9326.05,5312.214285714285,2017.560390148266,6831.62,5686.31357142857,4688.4
2025-03-09,6993.22,6,3,9,10,8746.47,7401.61,5253.872857142857,1951.9084367161784,7340.12,5661.534999999999,4802.719
2025-03-10,3760.86,0,3,10,11,6993.22,3353.12,5312.121428571429,1890.8620153731308,4213.48,5629.205,4721.745999999999
2025-03-11,3416.35,1,3,11,11,3760.86,3527.39,5296.2585714285715,1908.7114585799163,3616.69,5614.8949999999995,4673.085666666666
2025-03-12,4191.67,2,3,12,11,3416.35,5028.6,5176.697142857142,1953.9484319168873,4969.57,5559.330714285714,4770.410666666667
2025-03-13,4424.27,3,3,13,11,4191.67,4422.13,5177.002857142857,1953.8108585335983,6991.19,5375.979285714287,4841.694666666666
2025-03-14,5548.67,4,3,14,11,4424.27,4706.18,5297.358571428571,1945.9070310991065,5965.79,5346.1849999999995,4985.153666666666
2025-03-15,7924.07,5,3,15,11,5548.67,8746.47,5179.872857142857,1713.959746364287,9326.05,5246.043571428571,5207.430666666666
2025-03-16,12684.9,6,3,16,11,7924.07,6993.22,5992.97,3317.5107103921537,7401.61,5623.421428571428,5556.247333333333
2025-03-17,2983.69,0,3,17,12,12684.9,3760.86,5881.945714285714,3416.197452421121,3353.12,5597.033571428571,5458.722333333333
2025-03-18,3773.85,1,3,18,12,2983.69,3416.35,5933.017142857143,3375.6253120012884,3527.39,5614.637857142858,5374.227666666667
2025-03-19,3345.77,2,3,19,12,3773.85,4191.67,5812.174285714286,3462.379105364098,5028.6,5494.435714285714,5363.581
2025-03-20,4070.33,3,3,20,12,3345.77,4424.27,5761.611428571428,3488.511177357413,4422.13,5469.307142857142,5381.4710000000005
2025-03-21,5895.69,4,3,21,12,4070.33,5548.67,5811.185714285714,3487.446323361631,4706.18,5554.272142857143,5463.845666666666
2025-03-22,8568.42,5,3,22,12,5895.69,7924.07,5903.2357142857145,3560.2537277084466,8746.47,5541.5542857142855,5624.556666666666
2025-03-23,6259.09,6,3,23,12,8568.42,12684.9,4985.262857142857,2012.0214651498616,6993.22,5489.1164285714285,5676.028666666667
2025-03-24,4023.82,0,3,24,13,6259.09,2983.69,5133.852857142857,1873.1839118527034,3760.86,5507.899285714286,5582.435333333332
2025-03-25,6834.39,1,3,25,13,4023.82,3773.85,5571.072857142857,1859.9729975523294,3416.35,5752.044999999999,5565.577666666666
2025-03-26,5857.7699999999995,2,3,26,13,6834.39,3345.77,5929.929999999999,1580.3886975783275,4191.67,5871.052142857143,5620.387333333333
2025-03-27,5485.18,3,3,27,13,5857.7699999999995,4070.33,6132.051428571429,1380.790203222153,4424.27,5946.831428571429,5682.670333333333
2025-03-28,6377.38,4,3,28,13,5485.18,5895.69,6200.864285714286,1379.049336183648,5548.67,6006.025000000001,5729.597333333333
2025-03-29,11378.28,5,3,29,13,6377.38,8568.42,6602.272857142858,2290.6721706209146,7924.07,6252.754285714285,5875.833666666666
2025-03-30,9393.46,6,3,30,13,11378.28,6259.09,7050.04,2508.404448150256,12684.9,6017.651428571429,5990.089333333333
2025-03-31,3886.82,0,3,31,14,9393.46,4023.82,7030.4685714285715,2536.330329672039,2983.69,6082.160714285715,5808.781666666666
2025-04-01,6084.34,1,4,1,14,3886.82,6834.39,6923.318571428571,2561.7108169244257,3773.85,6247.195714285714,5764.872666666666
2025-04-02,2607.35,2,4,2,14,6084.34,5857.7699999999995,6458.972857142858,3037.4618299972863,3345.77,6194.451428571428,5740.013666666666
2025-04-03,4661.35,3,4,3,14,2607.35,5485.18,6341.282857142857,3096.8603742969203,4070.33,6236.6671428571435,5777.812333333333
2025-04-04,6562.03,4,4,4,14,4661.35,6377.38,6367.661428571429,3098.0052873175678,5895.69,6284.262857142858,5828.926666666666
2025-04-05,10964.44,5,4,5,14,6562.03,11378.28,6308.541428571429,2988.461954113008,8568.42,6455.407142857143,6047.0036666666665
2025-04-06,8256.46,6,4,6,14,10964.44,9393.46,6146.112857142857,2818.936323921453,6259.09,6598.076428571428,6165.346333333333
2025-04-07,7287.24,0,4,7,15,8256.46,3886.82,6631.887142857143,2652.8080196634023,4023.82,6831.177857142858,6116.705333333333
2025-04-08,5313.72,1,4,8,15,7287.24,6084.34,6521.7985714285705,2694.972560871002,6834.39,6722.558571428572,6060.722
2025-04-09,6003.74,2,4,9,15,5313.72,2607.35,7006.9971428571425,2116.3969426103563,5857.7699999999995,6732.985,6135.484666666667
2025-04-10,5679.86,3,4,10,15,6003.74,4661.35,7152.498571428571,1957.2878313832484,5485.18,6746.890714285714,6210.9349999999995
2025-04-11,11654.51,4,4,11,15,5679.86,6562.03,7879.995714285715,2556.0563063820064,6377.38,7123.828571428572,6459.696333333332
2025-04-12,12422.35,5,4,12,15,11654.51,10964.44,8088.268571428571,2887.2156677465127,11378.28,7198.405,6726.299
2025-04-13,8519.97,6,4,13,15,12422.35,8256.46,8125.912857142857,2891.488774361251,9393.46,7136.012857142857,6825.342333333333
2025-04-14,5191.47,0,4,14,16,8519.97,7287.24,7826.517142857143,3094.1978539933625,3886.82,7229.202142857143,6734.255666666667
2025-04-15,5726.59,1,4,15,16,5191.47,5313.72,7885.498571428571,3041.807440204087,6084.34,7203.648571428571,6502.312
2025-04-16,5465.51,2,4,16,16,5726.59,6003.74,7808.608571428572,3103.4792271386223,2607.35,7407.802857142858,6585.039333333334
2025-04-17,6854.87,3,4,17,16,5465.51,5679.86,7976.467142857144,2999.175196670544,4661.35,7564.482857142857,6687.740000000001
2025-04-18,9322.26,4,4,18,16,6854.87,11654.51,7643.288571428572,2629.2082012805568,6562.03,7761.642142857142,6886.9563333333335
2025-04-19,8030.43,5,4,19,16,9322.26,12422.35,7015.8714285714295,1634.589604135425,10964.44,7552.07,7018.959666666667
2025-04-21,4970.24,0,4,21,17,8030.43,8519.97,6508.767142857143,1640.8082955534837,8256.46,7317.340000000001,6988.111333333333
2025-04-22,5315.34,1,4,22,17,4970.24,5191.47,6526.462857142857,1624.8238771808865,7287.24,7176.49,6879.675333333333
2025-04-23,6321.14,2,4,23,17,5315.34,5726.59,6611.398571428572,1591.2352722693997,5313.72,7248.448571428571,6881.743666666666
2025-04-24,7315.73,3,4,24,17,6321.14,5465.51,6875.715714285715,1521.3018235145046,6003.74,7342.162142857143,6991.474
2025-04-25,6779.1,4,4,25,17,7315.73,6854.87,6864.891428571428,1521.7443568531053,5679.86,7420.679285714286,6989.630999999999
2025-04-26,7518.03,5,4,26,17,6779.1,9322.26,6607.144285714285,1141.4267311696165,11654.51,7125.216428571429,7044.973
2025-04-27,7476.36,6,4,27,17,7518.03,8030.43,6527.9914285714285,1041.0785597707168,12422.35,6771.931428571429,7111.345666666666
2025-04-28,4911.14,0,4,28,18,7476.36,4970.24,6519.5485714285705,1055.9503982736449,8519.97,6514.157857142857,7062.4710000000005
2025-04-29,5782.67,1,4,29,18,4911.14,5315.34,6586.3099999999995,979.1032962869565,5191.47,6556.386428571429,6875.950666666667
2025-04-30,7466.3,2,4,30,18,5782.67,6321.14,6749.904285714286,1022.1370772203481,5726.59,6680.651428571429,6811.7119999999995
2025-05-01,6182.28,3,5,1,18,7466.3,7315.73,6587.982857142857,1007.2316826615051,5465.51,6731.8492857142855,6888.227333333332
2025-05-02,8467.0,4,5,2,18,6182.28,6779.1,6829.111428571428,1236.5457748964534,6854.87,6847.001428571429,6967.649333333333
2025-05-03,6191.92,5,5,3,18,8467.0,7518.03,6639.667142857143,1214.8012784911753,9322.26,6623.405714285715,7087.135
2025-05-04,8004.4800000000005,6,5,4,18,6191.92,7476.36,6715.112857142857,1289.5262492186014,8030.43,6621.552142857143,7198.572666666666
2025-05-05,7186.79,0,5,5,19,8004.4800000000005,4911.14,7040.205714285715,1016.9915914083184,4970.24,6779.877142857143,7219.398
2025-05-06,6250.92,1,5,6,19,7186.79,5782.67,7107.098571428572,932.3701578670021,5315.34,6846.704285714286,7062.2806666666675
2025-05-07,5244.86,2,5,7,19,6250.92,7466.3,6789.75,1143.8109319142966,6321.14,6769.827142857143,6961.894
2025-05-08,7321.53,3,5,8,19,5244.86,6182.28,6952.5,1123.845920474267,7315.73,6770.2414285714285,6963.036999999999
2025-05-09,8549.26,4,5,9,19,7321.53,8467.0,6964.251428571429,1142.595254445308,6779.1,6896.681428571428,7070.888333333333
2025-05-10,6589.91,5,5,10,19,8549.26,6191.92,7021.107142857143,1107.1096871842144,7518.03,6830.387142857143,7090.427333333334
2025-05-11,6277.85,6,5,11,19,6589.91,8004.4800000000005,6774.4457142857145,1041.9266719697166,7476.36,6744.779285714286,7110.360333333333
2025-05-12,5720.92,0,5,12,20,6277.85,7186.79,6565.035714285715,1091.3743569899477,4911.14,6802.620714285715,6912.574
2025-05-13,5285.03,1,5,13,20,5720.92,6250.92,6427.051428571429,1193.9469717067013,5782.67,6767.075,6674.663333333333
2025-05-14,4838.36,2,5,14,20,5285.03,5244.86,6368.9800000000005,1268.582809884052,7466.3,6579.365,6551.943
2025-05-15,6830.34,3,5,15,20,4838.36,7321.53,6298.8099999999995,1219.757408804438,6182.28,6625.655,6606.572
2025-05-16,10378.82,4,5,16,20,6830.34,8549.26,6560.175714285714,1827.1389729743844,8467.0,6762.2135714285705,6761.646333333334
2025-05-17,6914.31,5,5,17,20,10378.82,6589.91,6606.518571428571,1832.126010089809,6191.92,6813.812857142858,6809.939666666667
2025-05-18,7619.31,6,5,18,20,6914.31,6277.85,6798.155714285714,1861.9328750598277,8004.4800000000005,6786.300714285715,6835.421
2025-05-19,4606.05,0,5,19,21,7619.31,5720.92,6638.888571428572,2011.139507272996,7186.79,6601.962142857143,6678.213999999999
2025-05-20,3843.45,1,5,20,21,4606.05,5285.03,6432.948571428571,2234.306659655504,6250.92,6430.0,6538.648
2025-05-21,4698.11,2,5,21,21,3843.45,4838.36,6412.912857142857,2251.5513038844556,5244.86,6390.946428571428,6529.577
2025-05-22,5892.5,3,5,22,21,4698.11,6830.34,6278.935714285714,2250.4753069359713,7321.53,6288.872857142857,6548.815666666666
2025-05-23,8032.08,4,5,23,21,5892.5,10378.82,5943.687142857142,1626.117930355542,8549.26,6251.931428571429,6605.847
2025-05-24,7841.92,5,5,24,21,8032.08,6914.31,6076.202857142857,1751.3715333961718,6589.91,6341.3607142857145,6623.386666666667
2025-05-25,6909.87,6,5,25,21,7841.92,7619.31,5974.854285714287,1665.619704903219,6277.85,6386.504999999999,6627.745666666667
2025-05-26,6735.33,0,5,26,22,6909.87,4606.05,6279.0371428571425,1565.3935433591319,5720.92,6458.962857142857,6601.6556666666675
2025-05-27,4801.56,1,5,27,22,6735.33,3843.45,6415.910000000001,1343.0348963944741,5285.03,6424.4292857142855,6512.495666666667
2025-05-28,5355.97,2,5,28,22,4801.56,4698.11,6509.89,1220.1957956546628,4838.36,6461.401428571428,6527.323333333334
2025-05-29,5013.27,3,5,29,22,5355.97,5892.5,6384.285714285715,1334.2621328266873,6830.34,6331.6107142857145,6501.676666666666
2025-05-30,8420.44,4,5,30,22,5013.27,8032.08,6439.765714285714,1419.5471513227567,10378.82,6191.726428571429,6533.481333333333
2025-05-31,7589.06,5,5,31,22,8420.44,7841.92,6403.642857142857,1380.6032122193758,6914.31,6239.922857142857,6580.374
2025-06-01,5598.27,6,6,1,22,7589.06,6909.87,6216.271428571429,1389.4240131966922,7619.31,6095.562857142858,6484.7496666666675
2025-06-02,4806.16,0,6,2,23,5598.27,6735.33,5940.675714285715,1458.898899111434,4606.05,6109.856428571428,6438.557666666666
2025-06-03,5770.62,1,6,3,23,4806.16,4801.56,6079.112857142857,1376.4384248694619,3843.45,6247.511428571429,6364.095666666666
2025-06-04,5367.85,2,6,4,23,5770.62,5355.97,6080.8099999999995,1375.4051235181519,4698.11,6295.349999999999,6303.464333333333
2025-06-05,9543.5,3,6,5,23,5367.85,5013.27,6727.9857142857145,1792.073337002485,5892.5,6556.135714285714,6413.217
2025-06-06,9136.66,4,6,6,23,9543.5,8420.44,6830.302857142858,1920.6418108079895,8032.08,6635.034285714285,6542.943666666667
2025-06-07,5580.14,5,6,7,23,9136.66,7589.06,6543.314285714287,1938.3776497873732,7841.92,6473.478571428571,6484.897333333333
2025-06-08,7318.03,6,6,8,23,5580.14,5598.27,6788.994285714286,1907.3722140845737,6909.87,6502.632857142858,6443.856333333333
2025-06-09,4551.47,0,6,9,24,7318.03,4806.16,6752.610000000001,1953.3743876174847,6735.33,6346.642857142857,6375.908333333334
2025-06-10,5628.42,1,6,10,24,4551.47,5770.62,6732.295714285714,1965.987414921203,4801.56,6405.704285714286,6354.260666666666
2025-06-11,5825.58,2,6,11,24,5628.42,5367.85,6797.685714285714,1920.1184602506225,5355.97,6439.247857142857,6357.749333333334
2025-06-12,6384.85,3,6,12,24,5825.58,9543.5,6346.45,1490.3450917376988,5013.27,6537.217857142858,6394.410000000001
2025-06-13,7792.46,4,6,13,24,6384.85,9136.66,6154.421428571428,1108.6267199472213,8420.44,6492.362142857142,6492.88
2025-06-14,6397.97,5,6,14,24,7792.46,5580.14,6271.254285714285,1080.7625823904252,7589.06,6407.284285714285,6478.467666666666
2025-06-15,6593.91,6,6,15,24,6397.97,7318.03,6167.808571428572,995.1337230313665,5598.27,6478.401428571428,6352.304
2025-06-16,4225.04,0,6,16,25,6593.91,4551.47,6121.175714285714,1086.9164136347167,4806.16,6436.892857142857,6262.661666666666
2025-06-17,5801.32,1,6,17,25,4225.04,5628.42,6145.875714285715,1075.7596227295487,5770.62,6439.085714285714,6202.062
2025-06-18,6149.97,2,6,18,25,5801.32,5825.58,6192.217142857143,1066.6104660670608,5367.85,6494.9514285714295,6253.526
2025-06-19,6119.54,3,6,19,25,6149.97,6384.85,6154.315714285714,1063.3332998462372,9543.5,6250.382857142858,6329.395666666666
2025-06-20,7424.77,4,6,20,25,6119.54,7792.46,6101.788571428572,974.276648381216,9136.66,6128.1050000000005,6420.284333333333
2025-06-21,6722.57,5,6,21,25,7424.77,6397.97,6148.160000000001,998.1552904566752,5580.14,6209.7071428571435,6447.953333333334
2025-06-22,7515.57,6,6,22,25,6722.57,6593.91,6279.825714285714,1120.092996628057,7318.03,6223.817142857143,6430.736333333333
2025-06-23,4106.69,0,6,23,26,7515.57,4225.04,6262.918571428571,1156.577095519765,4551.47,6192.047142857143,6306.228666666667
2025-06-24,5209.47,1,6,24,26,4106.69,5801.32,6178.368571428572,1216.0498345932492,5628.42,6162.122142857143,6249.5486666666675
2025-06-25,4682.24,2,6,25,26,5209.47,6149.97,5968.692857142858,1341.7966865700853,5825.58,6080.455,6181.1123333333335
2025-06-26,6628.49,3,6,26,26,4682.24,6119.54,6041.400000000001,1364.9226594328768,6384.85,6097.857857142857,6242.009999999999
2025-06-27,6358.61,4,6,27,26,6628.49,7424.77,5889.091428571429,1238.4538423699676,7792.46,5995.4400000000005,6275.431333333333
2025-06-28,6551.01,5,6,28,26,6358.61,6722.57,5864.5828571428565,1220.7820235230888,6397.97,6006.371428571429,6326.689333333333
2025-06-29,5519.27,6,6,29,26,6551.01,7515.57,5579.397142857143,980.3076622284428,6593.91,5929.611428571428,6229.983666666667
2025-06-30,4637.05,0,6,30,27,5519.27,4106.69,5655.162857142857,860.7155337801573,4225.04,5959.040714285714,6131.583333333333
2025-07-01,5320.34,1,7,1,27,4637.05,5209.47,5671.001428571429,852.124363075956,5801.32,5924.6849999999995,6122.3189999999995
2025-07-02,5299.52,2,7,2,27,5320.34,4682.24,5759.1842857142865,759.6722271229145,6149.97,5863.938571428572,6138.7643333333335
2025-07-03,4981.51,3,7,3,27,5299.52,6628.49,5523.901428571428,698.1153278274329,6119.54,5782.6507142857145,6112.460666666666
2025-07-04,27.22,4,7,4,27,4981.51,6358.61,4619.4171428571435,2110.06775688771,7424.77,5254.254285714285,5934.439666666666
2025-07-05,6963.09,5,7,5,27,27.22,6551.01,4678.285714285715,2177.6060466550325,6722.57,5271.434285714286,5848.426
2025-07-06,8149.36,6,7,6,27,6963.09,5519.27,5054.012857142857,2543.118639700174,7515.57,5316.705,5815.5160000000005
2025-07-07,4341.5,0,7,7,28,8149.36,4637.05,5011.791428571429,2553.6265877403202,4106.69,5333.477142857142,5774.228
2025-07-08,5826.46,1,7,8,28,4341.5,5320.34,5084.094285714286,2570.925295037157,5209.47,5377.547857142857,5724.509
2025-07-09,5701.61,2,7,9,28,5826.46,5299.52,5141.535714285715,2581.0127867102656,4682.24,5450.36,5762.847
2025-07-10,6159.0,3,7,10,28,5701.61,4981.51,5309.748571428571,2607.0838887310356,6628.49,5416.825,5780.532999999999
2025-07-11,7144.13,4,7,11,28,6159.0,27.22,6326.449999999999,1225.1117616228541,6358.61,5472.933571428572,5824.484666666667
2025-07-12,5911.88,5,7,12,28,7144.13,6963.09,6176.277142857143,1198.19917354773,6551.01,5427.2814285714285,5808.718999999999
2025-07-13,5076.97,6,7,13,28,5911.88,8149.36,5737.364285714286,873.7845192963148,5519.27,5395.688571428572,5718.202666666666
2025-07-14,4285.33,0,7,14,29,5076.97,4341.5,5729.339999999999,888.8674493983831,4637.05,5370.565714285714,5647.781333333333
2025-07-15,5987.62,1,7,15,29,4285.33,5826.46,5752.362857142857,893.8752668337625,5320.34,5418.228571428573,5627.571666666667
2025-07-16,5644.4,2,7,16,29,5987.62,5701.61,5744.1900000000005,894.6778296124183,5299.52,5442.862857142857,5674.883666666666
2025-07-17,6716.49,3,7,17,29,5644.4,6159.0,5823.831428571429,960.172828773171,4981.51,5566.79,5705.3893333333335
2025-07-18,8433.45,4,7,18,29,6716.49,7144.13,6008.0199999999995,1314.0924579597338,27.22,6167.235000000001,5781.5053333333335
2025-07-19,4866.54,5,7,19,29,8433.45,5911.88,5858.685714285713,1384.356801127715,6963.09,6017.481428571428,5739.738666666667
2025-07-20,5972.7,6,7,20,29,4866.54,5076.97,5986.647142857143,1340.7686493166764,8149.36,5862.005714285714,5691.336333333334
2025-07-21,3872.67,0,7,21,30,5972.7,4285.33,5927.6957142857145,1433.8791133013594,4341.5,5828.517857142857,5596.339666666667
2025-07-22,4533.06,1,7,22,30,3872.67,5987.62,5719.901428571428,1526.173017096775,5826.46,5736.132142857144,5496.922666666666
2025-07-23,4575.85,2,7,23,30,4533.06,5644.4,5567.251428571429,1587.2021251605836,5701.61,5655.720714285714,5512.561333333333
2025-07-24,6085.89,3,7,24,30,4575.85,6716.49,5477.165714285715,1527.8902741455483,6159.0,5650.498571428571,5541.775333333333
2025-07-25,6110.55,4,7,25,30,6085.89,8433.45,5145.322857142857,903.4575475677477,7144.13,5576.671428571428,5589.385666666667
2025-07-26,7847.67,5,7,26,30,6110.55,4866.54,5571.198571428571,1344.9152744371197,5911.88,5714.942142857143,5630.025
2025-07-27,6304.66,6,7,27,30,7847.67,5972.7,5618.6214285714295,1367.1017001236373,5076.97,5802.634285714286,5628.2266666666665
2025-07-28,4186.42,0,7,28,31,6304.66,3872.67,5663.442857142858,1304.0062735497595,4285.33,5795.569285714286,5549.407
2025-07-29,5436.95,1,7,29,31,4186.42,4533.06,5792.57,1215.1413529709157,5987.62,5756.2357142857145,5546.663
2025-07-30,5210.25,2,7,30,31,5436.95,4575.85,5883.198571428571,1129.941392616275,5644.4,5725.224999999999,5565.769666666666
2025-07-31,5480.25,3,7,31,31,5210.25,6085.89,5796.678571428572,1135.0102105036794,6716.49,5636.922142857143,5571.1
2025-08-01,5803.3,4,8,1,31,5480.25,6110.55,5752.785714285715,1126.7602197577614,8433.45,5449.0542857142855,5587.892666666667
2025-08-02,9489.77,5,8,2,31,5803.3,7847.67,5987.3714285714295,1673.7597267173508,4866.54,5779.285000000001,5738.168
2025-08-03,6436.44,6,8,3,31,9489.77,6304.66,6006.197142857142,1678.6571730772778,5972.7,5812.409285714287,5951.808666666666
2025-08-04,3933.39,0,8,4,32,6436.44,4186.42,5970.05,1726.4189197391581,3872.67,5816.746428571429,5850.818666666667
2025-08-05,5269.13,1,8,5,32,3933.39,5436.95,5946.075714285714,1736.1933259467085,4533.06,5869.322857142856,5754.811000000001
2025-08-06,5982.31,2,8,6,32,5269.13,5210.25,6056.370000000001,1705.9173107060774,4575.85,5969.784285714287,5809.504666666667
2025-08-07,7966.44,3,8,7,32,5982.31,5480.25,6411.54,1820.9135195463446,6085.89,6104.109285714286,5880.837333333333
2025-08-08,7093.54,4,8,8,32,7966.44,5803.3,6595.86,1814.3735071000833,6110.55,6174.322857142857,5927.235
2025-08-09,5535.26,5,8,9,32,7093.54,9489.77,6030.93,1308.169412907462,7847.67,6009.1507142857145,5906.443666666667
2025-08-10,5318.35,6,8,10,32,5535.26,6436.44,5871.202857142857,1318.6221250698763,6304.66,5938.7,5845.584333333333
2025-08-11,3869.4,0,8,11,33,5318.35,3933.39,5862.061428571428,1334.4222783590428,4186.42,5916.055714285714,5777.501666666666
2025-08-12,7324.62,1,8,12,33,3869.4,5269.13,6155.702857142858,1406.4156437401894,5436.95,6050.889285714286,5852.423333333333
2025-08-13,5416.36,2,8,13,33,7324.62,5982.31,6074.852857142857,1434.0406489905126,5210.25,6065.611428571429,5890.124333333334
2025-08-14,3701.12,3,8,14,33,5416.36,7966.44,5465.521428571427,1402.1618859749883,5480.25,5938.530714285715,5813.907666666667
2025-08-15,7998.87,4,8,15,33,3701.12,7093.54,5594.854285714285,1604.5076776990575,5803.3,6095.357142857143,5892.39
2025-08-16,7769.57,5,8,16,33,7998.87,5535.26,5914.041428571428,1800.8952986725626,9489.77,5972.4857142857145,5927.492666666667
2025-08-17,7422.45,6,8,17,33,7769.57,5318.35,6214.627142857143,1859.5397727906934,6436.44,6042.915,5893.792666666666
2025-08-18,4529.41,0,8,18,34,7422.45,3869.4,6308.914285714285,1733.251520955694,3933.39,6085.487857142857,5882.554999999999
2025-08-19,4512.11,1,8,19,34,4529.41,7324.62,5907.127142857143,1783.8059589607262,5269.13,6031.415000000001,5833.868666666666
2025-08-20,7487.06,2,8,20,34,4512.11,5416.36,6202.941428571428,1858.9681276847132,5982.31,6138.897142857143,5954.348333333333
2025-08-21,4968.54,3,8,21,34,7487.06,3701.12,6384.001428571428,1621.199779982182,7966.44,5924.761428571428,5968.864333333333
2025-08-22,8108.4400000000005,4,8,22,34,4968.54,7998.87,6399.654285714286,1639.8122433056865,7093.54,5997.254285714285,6086.617333333333
2025-08-23,6087.63,5,8,23,34,8108.4400000000005,7769.57,6159.377142857143,1524.8203999565976,5535.26,6036.709285714286,6086.675333333333
2025-08-24,6884.49,6,8,24,34,6087.63,7422.45,6082.5257142857145,1462.8485984185877,5318.35,6148.576428571428,6112.473333333332
2025-08-25,4312.65,0,8,25,35,6884.49,4529.41,6051.5599999999995,1502.9490801531908,3869.4,6180.237142857143,5994.6393333333335
2025-08-26,6058.09,1,8,26,35,4312.65,4512.11,6272.414285714286,1344.2368129023598,7324.62,6089.770714285713,5986.4203333333335
2025-08-27,5552.17,2,8,27,35,6058.09,7487.06,5996.001428571428,1248.3585757362641,5416.36,6099.471428571428,6031.945333333333
2025-08-28,5472.52,3,8,28,35,5552.17,4968.54,6067.998571428572,1192.508944794241,3701.12,6226.0,6033.130999999999
2025-08-29,7709.56,4,8,29,35,5472.52,8108.4400000000005,6011.015714285714,1083.286579409419,7998.87,6205.335,6116.441333333333
2025-08-30,7035.82,5,8,30,35,7709.56,6087.63,6146.471428571428,1151.5913048390653,7769.57,6152.924285714286,6168.2936666666665
2025-08-31,6615.95,6,8,31,35,7035.82,6884.49,6108.108571428571,1127.121108243301,7422.45,6095.317142857143,6195.382
2025-09-01,4876.5,0,9,1,36,6615.95,4312.65,6188.658571428571,989.1226777541842,4529.41,6120.109285714286,6041.606333333333
2025-09-02,4027.83,1,9,2,36,4876.5,6058.09,5898.621428571429,1286.6923475515061,4512.11,6085.517857142857,5961.319333333334
2025-09-03,5257.8,2,9,3,36,4027.83,5552.17,5856.568571428572,1304.5885427268909,7487.06,5926.284999999999,6005.466333333333
2025-09-04,5893.51,3,9,4,36,5257.8,5472.52,5916.71,1293.5906113604826,4968.54,5992.354285714287,6026.2789999999995
2025-09-05,8361.14,4,9,5,36,5893.51,7709.56,6009.792857142857,1457.1968520154703,8108.4400000000005,6010.404285714286,6105.573333333333
2025-09-06,7431.64,5,9,6,36,8361.14,7035.82,6066.338571428571,1510.3571138578257,6087.63,6106.405,6087.746666666667
2025-09-07,6865.18,6,9,7,36,7431.64,6615.95,6101.942857142857,1528.3036847947242,6884.49,6105.0257142857145,6080.134666666667
2025-09-08,4047.98,0,9,8,37,6865.18,4876.5,5983.582857142857,1664.9956212626498,4312.65,6086.120714285715,6030.558666666667
2025-09-09,5822.24,1,9,9,37,4047.98,4027.83,6239.927142857144,1436.1022504533346,6058.09,6069.274285714286,6047.355
2025-09-10,4801.59,2,9,10,37,5822.24,5257.8,6174.754285714285,1497.1553885714604,5552.17,6015.6614285714295,6078.428
2025-09-11,6143.72,3,9,11,37,4801.59,5893.51,6210.498571428571,1492.3006146040443,5472.52,6063.604285714285,6039.064666666667
2025-09-12,7721.23,4,9,12,37,6143.72,8361.14,6119.082857142857,1351.5620476164356,7709.56,6064.437857142858,6115.893666666667
2025-09-13,7998.25,5,9,13,37,7721.23,7431.64,6200.027142857142,1456.1890254555321,7035.82,6133.182857142857,6259.131333333334
2025-09-14,7747.47,6,9,14,37,7998.25,6865.18,6326.068571428571,1557.9829292970264,6615.95,6214.005714285714,6250.751333333334
2025-09-15,3841.8,0,9,15,38,7747.47,4047.98,6296.614285714286,1609.3318882366148,4876.5,6140.098571428571,6119.825666666667
2025-09-16,4822.96,1,9,16,38,3841.8,5822.24,6153.86,1700.1798555446976,4027.83,6196.893571428571,6033.176
2025-09-17,4969.15,2,9,17,38,4822.96,4801.59,6177.797142857143,1679.0156824134986,5257.8,6176.2757142857145,6047.834
2025-09-18,4401.37,3,9,18,38,4969.15,6143.72,5928.889999999999,1809.024173074162,5893.51,6069.694285714286,6044.142666666667
2025-09-19,6850.13,4,9,19,38,4401.37,7721.23,5804.447142857143,1691.3115739834764,8361.14,5961.764999999999,6022.911666666666
2025-09-20,5685.46,5,9,20,38,6850.13,7998.25,5474.0485714285705,1390.4707532514324,7431.64,5837.037857142857,6046.809
2025-09-21,6222.71,6,9,21,38,5685.46,7747.47,5256.225714285714,1053.595024742377,6865.18,5791.147142857143,5983.951333333333
2025-09-22,4453.19,0,9,22,39,6222.71,3841.8,5343.567142857143,935.5249362561796,4047.98,5820.090714285713,5929.47
2025-09-23,3937.7200000000003,1,9,23,39,4453.19,4822.96,5217.104285714285,1068.071927226138,5822.24,5685.482142857143,5831.244333333333
2025-09-24,4512.36,2,9,24,39,3937.7200000000003,4969.15,5151.848571428571,1099.2452617656675,4801.59,5664.822857142857,5837.901333333332
2025-09-25,4986.84,3,9,25,39,4512.36,4401.37,5235.487142857142,1053.9673256433498,6143.72,5582.188571428572,5802.192999999999
2025-09-26,9418.22,4,9,26,39,4986.84,6850.13,5602.357142857143,1853.4252147911973,7721.23,5703.402142857142,5931.061333333333
2025-09-27,5764.53,5,9,27,39,9418.22,5685.46,5613.652857142857,1854.2568574113807,7998.25,5543.850714285713,5940.794999999999
2025-09-28,5145.36,6,9,28,39,5764.53,6222.71,5459.745714285715,1839.934178893878,7747.47,5357.985714285714,5855.321666666667
2025-09-29,5680.99,0,9,29,40,5145.36,4453.19,5635.145714285713,1785.7111190396645,3841.8,5489.356428571429,5810.160666666666
2025-09-30,4769.07,1,9,30,40,5680.99,3937.7200000000003,5753.909999999999,1678.4260286748774,4822.96,5485.507142857142,5748.598
2025-10-01,6804.33,2,10,1,40,4769.07,4512.36,6081.334285714285,1618.3413698481213,4969.15,5616.591428571429,5812.8589999999995
2025-10-02,6037.36,3,10,2,40,6804.33,4986.84,6231.408571428571,1547.068878766427,4401.37,5733.447857142856,5879.843333333333
2025-10-03,10482.04,4,10,3,40,6037.36,9418.22,6383.382857142858,1919.6770505106156,6850.13,5992.870000000001,6053.984666666667
2025-10-04,7975.79,5,10,4,40,10482.04,5764.53,6699.277142857143,1981.8012480713446,5685.46,6156.464999999999,6123.393999999999
2025-10-05,5971.17,6,10,5,40,7975.79,5145.36,6817.25,1896.6319042186326,6222.71,6138.497857142856,6043.7283333333335
2025-10-06,4499.93,0,10,6,41,5971.17,5680.99,6648.527142857143,2060.0521375984163,4453.19,6141.836428571429,5946.004666666666
2025-10-07,3932.86,1,10,7,41,4499.93,4769.07,6529.068571428572,2206.259477210454,3937.7200000000003,6141.489285714286,5848.260666666667
2025-10-08,5275.16,2,10,8,41,3932.86,6804.33,6310.615714285714,2249.7389322827134,4512.36,6195.974999999999,5889.166666666667
2025-10-09,4237.29,3,10,9,41,5275.16,6037.36,6053.462857142857,2384.9901910749654,4986.84,6142.435714285714,5836.335
2025-10-10,7433.71,4,10,10,41,4237.29,10482.04,5617.987142857143,1586.105411069452,9418.22,6000.6849999999995,5924.072333333333
2025-10-11,6569.85,5,10,11,41,7433.71,7975.79,5417.138571428572,1301.2051974538592,5764.53,6058.207857142857,5938.276666666667
2025-10-12,5834.72,6,10,12,41,6569.85,5971.17,5397.645714285715,1292.5152107790539,5145.36,6107.447857142857,5875.392999999999
2025-10-13,3228.64,0,10,13,42,5834.72,4499.93,5216.032857142857,1510.594976399628,5680.99,5932.28,5716.406
2025-10-14,2990.05,1,10,14,42,3228.64,3932.86,5081.345714285714,1676.9449310264245,4769.07,5805.2071428571435,5557.825333333332
2025-10-15,4490.6,2,10,15,42,2990.05,5275.16,4969.265714285714,1688.014062291905,6804.33,5639.940714285715,5579.452
2025-10-16,4150.4,3,10,16,42,4490.6,4237.29,4956.852857142857,1694.600390728482,6037.36,5505.157857142857,5557.033333333334
2025-10-17,7643.38,4,10,17,42,4150.4,7433.71,4986.805714285714,1746.7278681948578,10482.04,5302.396428571429,5646.1743333333325
2025-10-18,6249.68,5,10,18,42,7643.38,6569.85,4941.067142857143,1701.985487880882,7975.79,5179.102857142857,5707.7846666666655
2025-10-19,6020.93,6,10,19,42,6249.68,5834.72,4967.668571428571,1719.644464944503,5971.17,5182.657142857143,5680.144666666666
2025-10-20,3874.95,0,10,20,43,6020.93,3228.64,5059.998571428572,1625.484656786277,4499.93,5138.015714285714,5619.794333333333
2025-10-21,4123.89,1,10,21,43,3874.95,2990.05,5221.975714285714,1429.5196292328017,3932.86,5151.660714285715,5549.833666666667
2025-10-22,4369.76,2,10,22,43,4123.89,4490.6,5204.712857142857,1440.5110995026932,5275.16,5086.989285714285,5547.0526666666665
2025-10-23,9235.02,3,10,23,43,4369.76,4150.4,5931.087142857143,1995.3653053656944,4237.29,5443.97,5723.629333333333
2025-10-24,7162.94,4,10,24,43,9235.02,7643.38,5862.452857142858,1933.9698458500147,7433.71,5424.629285714285,5811.982000000001
2025-10-25,8456.16,5,10,25,43,7162.94,6249.68,6177.664285714286,2172.6826872851366,6569.85,5559.365714285714,5927.625999999999
2025-10-26,6277.73,6,10,26,43,8456.16,6020.93,6214.349999999999,2171.7629926398486,5834.72,5591.009285714286,5822.943
2025-10-27,3365.5099999999998,0,10,27,44,6277.73,3874.95,6141.572857142857,2269.557533057299,3228.64,5600.785714285715,5742.975666666666
2025-10-28,4660.12,1,10,28,44,3365.5099999999998,4123.89,6218.177142857143,2198.026740622249,2990.05,5720.076428571428,5726.801
2025-10-29,5688.95,2,10,29,44,4660.12,4369.76,6406.632857142858,2065.702296070387,4490.6,5805.672857142858,5727.066333333334
2025-10-30,5377.68,3,10,30,44,5688.95,9235.02,5855.584285714285,1660.127721581051,4150.4,5893.335714285714,5747.3533333333335
2025-10-31,2285.66,4,10,31,44,5377.68,7162.94,5158.83,2007.1978399084915,7643.38,5510.641428571428,5596.731000000001
2025-11-01,8155.35,5,11,1,44,2285.66,8456.16,5115.857142857143,1926.4336361760445,6249.68,5646.760714285714,5667.330666666666
2025-11-02,6904.49,6,11,2,44,8155.35,6277.73,5205.394285714286,2002.4992713012123,6020.93,5709.8721428571425,5548.079
2025-11-03,5011.64,0,11,3,45,6904.49,3365.5099999999998,5440.555714285714,1840.5289205991542,3874.95,5791.064285714286,5449.274
2025-11-04,5416.4,1,11,4,45,5011.64,4660.12,5548.595714285714,1809.0087225039083,4123.89,5883.386428571429,5430.781666666667
2025-11-05,4513.16,2,11,5,45,5416.4,5688.95,5380.625714285714,1847.9721180784143,4369.76,5893.629285714285,5431.222666666667
2025-11-06,3376.07,3,11,6,45,4513.16,5377.68,5094.681428571429,1997.327034141947,9235.02,5475.132857142858,5412.663
2025-11-07,7681.93,4,11,7,45,3376.07,2285.66,5865.577142857142,1759.69618854803,7162.94,5512.203571428571,5492.888666666666
2025-11-08,6098.1,5,11,8,45,7681.93,8155.35,5571.684285714286,1459.7705366124808,8456.16,5343.770714285715,5554.915666666667
2025-11-09,7208.1,6,11,9,45,6098.1,6904.49,5615.057142857143,1509.6300320576768,6277.73,5410.225714285714,5547.395333333333
2025-11-10,4265.34,0,11,10,46,7208.1,5011.64,5508.442857142858,1583.8747255882101,3365.5099999999998,5474.499285714286,5470.578333333334
2025-11-11,5856.37,1,11,11,46,4265.34,5416.4,5571.295714285714,1588.3368091482434,4660.12,5559.9457142857145,5471.3
2025-11-12,6021.57,2,11,12,46,5856.37,4513.16,5786.782857142857,1521.7827099131016,5688.95,5583.704285714286,5564.397666666667
2025-11-13,4213.89,3,11,13,46,6021.57,3376.07,5906.471428571428,1320.1713069829007,5377.68,5500.5764285714295,5605.192333333334
2025-11-14,9398.289999999999,4,11,14,46,4213.89,7681.93,6151.665714285714,1783.1066434443078,2285.66,6008.621428571429,5768.782
2025-11-15,6543.03,5,11,15,46,9398.289999999999,6098.1,6215.227142857142,1788.7999768626446,8155.35,5893.455714285715,5848.5363333333335
2025-11-16,3577.44,6,11,16,46,6543.03,7208.1,5696.561428571428,1970.1039643330848,6904.49,5655.809285714286,5713.005
2025-11-17,3114.24,0,11,17,47,3577.44,4265.34,5532.11857142857,2149.3625718526264,5011.64,5520.280714285715,5608.490333333334
2025-11-18,4084.57,1,11,18,47,3114.24,5856.37,5279.004285714285,2208.3306960225,5416.4,5425.15,5543.944999999999
2025-11-19,4421.9,2,11,19,47,4084.57,6021.57,5050.4800000000005,2201.4391978279377,4513.16,5418.631428571428,5562.176666666666
2025-11-20,4110.65,3,11,20,47,4421.9,4213.89,5035.731428571429,2208.313165015536,3376.07,5471.101428571428,5561.735333333333
2025-11-21,7562.6,4,11,21,47,4110.65,9398.289999999999,4773.49,1639.6969094317342,7681.93,5462.577857142857,5668.163333333333
2025-11-22,6974.18,5,11,22,47,7562.6,6543.03,4835.082857142857,1723.216209734129,6098.1,5525.155,5592.802
2025-11-23,4646.72,6,11,23,47,6974.18,3577.44,4987.837142857143,1638.460788877921,7208.1,5342.199285714286,5508.928
2025-11-24,4063.62,0,11,24,48,4646.72,3114.24,5123.462857142857,1490.0991730386472,4265.34,5327.790714285714,5362.509999999999
2025-11-25,3876.56,1,11,25,48,4063.62,4084.57,5093.747142857143,1516.1167761610998,5856.37,5186.375714285714,5282.4710000000005
2025-11-26,4761.75,2,11,26,48,3876.56,4421.9,5142.297142857143,1496.3290789875714,6021.57,5096.388571428571,5329.012333333333
2025-11-28,7216.07,4,11,28,48,4761.75,4110.65,5585.928571428572,1596.4847008602808,4213.89,5310.83,5414.210666666667
2025-11-29,4836.26,5,11,29,48,7216.07,7562.6,5196.4514285714295,1346.9413695038609,9398.289999999999,4984.970714285714,5385.787666666666
2025-11-30,4931.02,6,11,30,48,4836.26,6974.18,4904.571428571428,1095.3906263738068,6543.03,4869.827142857143,5370.899
2025-12-01,3433.92,0,12,1,49,4931.02,4646.72,4731.314285714286,1230.5476929922513,3577.44,4859.575714285714,5409.1743333333325
2025-12-02,5668.99,1,12,2,49,3433.92,4063.62,4960.652857142857,1234.9583374850308,3114.24,5042.057857142857,5326.295666666667
2025-12-03,3883.8,2,12,3,49,5668.99,3876.56,4961.687142857144,1233.9016598269861,4084.57,5027.717142857143,5225.606
2025-12-04,4490.13,3,12,4,49,3883.8,4761.75,4922.884285714286,1245.4538317798936,4421.9,5032.590714285715,5208.222333333334
2025-12-05,4737.09,4,12,5,49,4490.13,7216.07,4568.744285714286,730.8493120759457,4110.65,5077.336428571429,5185.578666666666
2025-12-06,4967.7,5,12,6,49,4737.09,4836.26,4587.521428571429,740.4927682164971,7562.6,4891.986428571428,5200.7300000000005
2025-12-07,5778.83,6,12,7,49,4967.7,4931.02,4708.637142857143,864.9199354798429,6974.18,4806.604285714287,5280.822
2025-12-08,2994.53,0,12,8,50,5778.83,3433.92,4645.867142857143,981.0027150270557,4646.72,4688.590714285715,5124.575333333332
2025-12-09,4330.12,1,12,9,50,2994.53,5668.99,4454.6,872.8336992424789,4063.62,4707.626428571429,5065.642666666667
2025-12-10,6685.77,2,12,10,50,4330.12,3883.8,4854.881428571428,1162.0213978010906,3876.56,4908.284285714285,5048.2316666666675
2025-12-11,4673.36,3,12,11,50,6685.77,4490.13,4881.057142857143,1154.47481724684,4761.75,4901.970714285714,5061.832333333334
2025-12-12,4824.41,4,12,12,50,4673.36,4737.09,4893.5314285714285,1153.1309356042796,7216.07,4731.137857142857,5027.433666666667
2025-12-13,4649.66,5,12,13,50,4824.41,4967.7,4848.097142857143,1155.9835714189269,4836.26,4717.809285714286,4981.703333333334
2025-12-14,5080.71,6,12,14,50,4649.66,5778.83,4748.365714285714,1090.566266469803,4931.02,4728.501428571429,5010.597333333333
2025-12-15,3117.64,0,12,15,51,5080.71,2994.53,4765.952857142857,1058.0776734832798,3433.92,4705.910000000001,4801.242333333334
2025-12-16,3177.8,1,12,16,51,3117.64,4330.12,4601.335714285714,1215.165130820451,5668.99,4527.967857142857,4689.068
2025-12-17,4357.34,2,12,17,51,3177.8,6685.77,4268.702857142857,795.8133223881412,3883.8,4561.7921428571435,4715.064666666667
2025-12-18,6893.2699999999995,3,12,18,51,4357.34,4673.36,4585.8328571428565,1279.3564977716158,4490.13,4733.445000000001,4841.032333333334
2025-12-19,4942.4,4,12,19,51,6893.2699999999995,4824.41,4602.688571428572,1283.7932439250478,4737.09,4748.11,4869.626666666667
2025-12-20,5909.18,5,12,20,51,4942.4,4649.66,4782.62,1376.398492673293,4967.7,4815.358571428572,4919.202666666666
2025-12-21,5810.14,6,12,21,51,5909.18,5080.71,4886.824285714286,1429.3219158031611,5778.83,4817.595,4975.852333333333
2025-12-22,4343.26,0,12,22,52,5810.14,3117.64,5061.912857142857,1238.8586060659998,2994.53,4913.932857142857,4868.540999999999
2025-12-23,4193.8,1,12,23,52,4343.26,3177.8,5207.055714285714,1021.8363703296898,4330.12,4904.1957142857145,4775.861666666667
2025-12-26,5293.16,4,12,26,52,4193.8,4357.34,5340.744285714286,950.8930995272582,6685.77,4804.723571428571,4797.4096666666655
2025-12-27,6801.7300000000005,5,12,27,52,5293.16,6893.2699999999995,5327.667142857143,926.2947877199396,4673.36,4956.75,4888.679999999999
2025-12-28,6138.85,6,12,28,52,6801.7300000000005,4942.4,5498.588571428571,953.3467466147553,4824.41,5050.638571428572,4964.089666666667
2025-12-29,5749.95,0,12,29,1,6138.85,5909.18,5475.841428571429,943.7686276029762,4649.66,5129.230714285714,4997.029666666667
2025-12-30,4907.87,1,12,30,1,5749.95,5810.14,5346.9457142857145,952.0795316368742,5080.71,5116.885,4920.089666666667
2025-12-31,1214.53,2,12,31,1,4907.87,4343.26,4899.984285714286,1830.7460045735143,3117.64,4980.948571428571,4799.365333333333
2026-01-01,3752.6,3,1,1,1,1214.53,4193.8,4836.955714285715,1866.3588368608414,3177.8,5022.005714285714,4760.084666666667
2026-01-02,4841.59,4,1,2,1,3752.6,5293.16,4772.4457142857145,1855.7361608973097,4357.34,5056.595,4807.0070000000005
2026-01-03,5669.67,5,1,3,1,4841.59,6801.7300000000005,4610.722857142858,1691.4725794477986,6893.2699999999995,4969.195,4807.029666666666
2026-01-04,4990.02,6,1,4,1,5669.67,6138.85,4446.604285714286,1569.852771311761,4942.4,4972.596428571429,4843.903666666667
2026-01-05,3430.4900000000002,0,1,5,2,4990.02,5749.95,4115.2528571428575,1491.7466355329198,5909.18,4795.547142857143,4808.582333333334
2026-01-06,4840.41,1,1,6,2,3430.4900000000002,4907.87,4105.615714285715,1485.9794173524795,5810.14,4726.280714285715,4812.026333333333
2026-01-07,4866.19,2,1,7,2,4840.41,1214.53,4627.2814285714285,770.7096067137949,4343.26,4763.632857142858,4808.642666666667
2026-01-08,3468.31,3,1,8,2,4866.19,3752.6,4586.668571428571,829.7149238227943,4193.8,4711.812142857144,4731.625333333333
2026-01-09,6612.01,4,1,9,2,3468.31,4841.59,4839.585714285715,1134.299675891937,5293.16,4806.015714285714,4852.208
2026-01-10,4256.77,5,1,10,2,6612.01,5669.67,4637.742857142857,1086.6818754771134,6801.7300000000005,4624.232857142858,4849.763000000001
2026-01-11,6660.36,6,1,11,2,4256.77,4990.02,4876.362857142857,1332.5145015685414,6138.85,4661.483571428571,4848.915999999999
2026-01-12,3581.89,0,1,12,3,6660.36,3430.4900000000002,4897.9914285714285,1306.1014811571629,5749.95,4506.6221428571425,4812.533666666667
2026-01-13,3585.33,1,1,13,3,3581.89,4840.41,4718.694285714286,1398.2214072153306,4907.87,4412.155,4771.231
2026-01-14,4073.33,2,1,14,3,3585.33,4866.19,4605.428571428572,1416.2788592461582,1214.53,4616.3550000000005,4752.02
2026-01-15,4059.39,3,1,15,3,4073.33,3468.31,4689.868571428572,1353.4082608785372,3752.6,4638.268571428572,4717.976
2026-01-16,6819.08,4,1,16,3,4059.39,6612.01,4719.45,1403.749249533779,4841.59,4779.517857142857,4841.357333333333
2026-01-17,7725.9,5,1,17,3,6819.08,4256.77,5215.04,1776.1603914436664,5669.67,4926.391428571428,4992.960666666667
2026-01-18,4982.24,6,1,18,3,7725.9,6660.36,4975.308571428571,1657.8812909597202,4990.02,4925.835714285714,5013.790666666667
2026-01-19,3925.3,0,1,19,4,4982.24,3581.89,5024.367142857142,1614.284037911893,3430.4900000000002,4961.1792857142855,4914.858333333334
2026-01-20,4048.11,1,1,20,4,3925.3,3585.33,5090.478571428571,1553.873267777739,4840.41,4904.586428571429,4885.048666666667
2026-01-21,4375.12,2,1,21,4,4048.11,4073.33,5133.591428571429,1524.8643892756288,4866.19,4869.51,4833.913333333333
2026-01-22,2927.54,3,1,22,4,4375.12,4059.39,4971.898571428572,1706.8982868586327,3468.31,4830.8835714285715,4737.826666666666
2026-01-23,7134.82,4,1,23,4,2927.54,6819.08,5017.004285714285,1766.9615524949095,6612.01,4868.227142857142,4830.878666666667
2026-01-24,5565.2699999999995,5,1,24,4,7134.82,7725.9,4708.342857142858,1355.7590080924376,4256.77,4961.691428571428,4876.5943333333325
2026-01-25,4943.27,6,1,25,4,5565.2699999999995,4982.24,4702.7757142857145,1354.5263067564317,6660.36,4839.042142857143,4864.931333333332
2026-01-26,3561.74,0,1,26,5,4943.27,3925.3,4650.838571428571,1395.6516304511426,3581.89,4837.602857142857,4756.931666666667
2026-01-27,3976.42,1,1,27,5,3561.74,4048.11,4640.597142857143,1401.0641974431876,3585.33,4865.537857142857,4684.850666666666
2026-01-28,5928.53,2,1,28,5,3976.42,4375.12,4862.512857142857,1473.1741328133812,4073.33,4998.052142857143,4690.803333333332
2026-01-29,4088.26,3,1,29,5,5928.53,2927.54,5028.33,1270.45480100631,4059.39,5000.114285714286,4663.482999999999
2026-01-30,11334.55,4,1,30,5,4088.26,7134.82,5628.291428571428,2661.320692384567,6819.08,5322.647857142857,5000.816999999999
2026-01-31,5788.11,5,1,31,5,11334.55,5565.2699999999995,5660.125714285714,2661.7739476199995,7725.9,5184.234285714286,5068.667333333333
2026-02-01,5737.44,6,2,1,5,5788.11,4943.27,5773.578571428571,2642.985616605005,4982.24,5238.177142857143,5098.5289999999995
2026-02-02,4142.68,0,2,2,6,5737.44,3561.74,5856.57,2570.0721475346404,3925.3,5253.704285714285,5047.629333333333
2026-02-03,5748.2699999999995,1,2,3,6,4142.68,3976.42,6109.691428571428,2437.8917369141463,4048.11,5375.144285714285,5072.904333333333
2026-02-04,4777.32,2,2,4,6,5748.2699999999995,5928.53,5945.232857142857,2490.413771977888,4375.12,5403.872857142857,5117.798666666667
2026-02-05,5111.64,3,2,5,6,4777.32,4088.26,6091.429999999999,2391.2994431619504,2927.54,5559.88,5126.839666666667
2026-02-06,6675.59,4,2,6,6,5111.64,11334.55,5425.864285714286,822.5944416064874,7134.82,5527.077857142857,5187.153
2026-02-07,6007.35,5,2,7,6,6675.59,5788.11,5457.184285714286,842.6156472330009,5565.2699999999995,5558.655,5271.787666666667
2026-02-08,53.260000000000005,6,2,8,6,6007.35,5737.44,4645.158571428571,2189.6788527653084,4943.27,5209.368571428572,5053.162666666666
2026-02-09,3984.08,0,2,9,7,53.260000000000005,4142.68,4622.501428571429,2196.5544082147376,3561.74,5239.535714285715,5044.073
2026-02-10,4459.71,1,2,10,7,3984.08,5748.2699999999995,4438.421428571429,2139.745142826032,3976.42,5274.056428571428,4970.718
2026-02-11,4814.5199999999995,2,2,11,7,4459.71,4777.32,4443.7357142857145,2140.7730636295573,5928.53,5194.484285714286,5011.805666666666
2026-02-12,5180.62,3,2,12,7,4814.5199999999995,5111.64,4453.59,2144.515424161515,4088.26,5272.509999999999,5064.982
2026-02-13,6973.83,4,2,13,7,5180.62,6675.59,4496.1957142857145,2198.3060658975314,11334.55,4961.03,5161.665333333333
2026-02-14,7820.25,5,2,14,7,6973.83,6007.35,4755.181428571428,2493.0413746361287,5788.11,5106.182857142857,5287.027333333333
2026-02-15,7223.25,6,2,15,7,7820.25,53.260000000000005,5779.465714285715,1523.7410672951921,5737.44,5212.312142857142,5300.499666666667
2026-02-16,2867.49,0,2,16,8,7223.25,3984.08,5619.952857142857,1779.9252454968798,4142.68,5121.227142857143,5138.5526666666665
2026-02-17,2930.93,1,2,17,8,2867.49,4459.71,5401.555714285714,2023.1824160618557,5748.2699999999995,4919.988571428571,5070.175666666666
2026-02-18,5446.61,2,2,18,8,2930.93,4814.5199999999995,5491.854285714285,2006.653294533435,4777.32,4967.795,5120.8859999999995
2026-02-19,4779.62,3,2,19,8,5446.61,5180.62,5434.568571428572,2022.6790811728558,5111.64,4944.079285714286,5145.269666666666
2026-02-20,12461.17,4,2,20,8,4779.62,6973.83,6218.4742857142855,3347.8756622862447,6675.59,5357.335,5414.804666666667
2026-02-21,7268.6,5,2,21,8,12461.17,7820.25,6139.667142857143,3310.166997734475,6007.35,5447.424285714284,5559.506666666666
2026-02-22,7734.67,6,2,22,8,7268.6,7223.25,6212.727142857142,3343.5448074895703,53.260000000000005,5996.096428571429,5579.501666666666
2026-02-23,3929.2,0,2,23,9,7734.67,2867.49,6364.400000000001,3186.916047403821,3984.08,5992.176428571429,5524.966
2026-02-24,4820.82,1,2,24,9,3929.2,2930.93,6634.384285714286,2916.1128731289823,4459.71,6017.97,5520.8843333333325
2026-02-25,6463.39,2,2,25,9,4820.82,5446.61,6779.638571428572,2872.0789616665515,4814.5199999999995,6135.746428571429,5617.606
2026-02-26,8210.65,3,2,26,9,6463.39,4779.62,7269.785714285715,2764.628825097848,5180.62,6352.177142857144,5758.747
2026-02-27,12295.88,4,2,27,9,8210.65,12461.17,7246.172857142857,2713.1250505994885,6973.83,6732.323571428571,5970.992
2026-02-28,10649.8,5,2,28,9,12295.88,7268.6,7729.2014285714295,3003.255005997264,7820.25,6934.434285714286,6189.71
2026-03-01,8482.23,6,3,1,9,10649.8,7734.67,7835.995714285715,3016.7430222612456,7223.25,7024.361428571428,6094.632666666667
